,date,open,high,low,close,volume
0,20241004  23:30:00,1.79,1.79,1.75,1.78,-1
0,20241004  23:30:10,1.78,1.79,1.77,1.78,-1
0,20241004  23:30:20,1.78,1.81,1.76,1.8,-1
0,20241004  23:30:30,1.8,1.8,1.77,1.79,-1
0,20241004  23:30:40,1.79,1.79,1.77,1.78,-1
0,20241004  23:30:50,1.78,1.78,1.77,1.78,-1
0,20241004  23:31:00,1.78,1.78,1.77,1.78,-1
0,20241004  23:31:10,1.78,1.8,1.78,1.8,-1
0,20241004  23:31:20,1.8,1.81,1.78,1.81,-1
0,20241004  23:31:30,1.81,1.82,1.78,1.81,-1
0,20241004  23:31:40,1.81,1.81,1.8,1.81,-1
0,20241004  23:31:50,1.81,1.81,1.81,1.81,-1
0,20241004  23:32:00,1.81,1.82,1.81,1.82,-1
0,20241004  23:32:10,1.82,1.82,1.8,1.81,-1
0,20241004  23:32:20,1.81,1.82,1.81,1.82,-1
0,20241004  23:32:30,1.82,1.82,1.81,1.82,-1
0,20241004  23:32:40,1.82,1.82,1.79,1.81,-1
0,20241004  23:32:50,1.81,1.82,1.81,1.82,-1
0,20241004  23:33:00,1.82,1.82,1.82,1.82,-1
0,20241004  23:33:10,1.82,1.83,1.82,1.83,-1
0,20241004  23:33:20,1.83,1.83,1.78,1.8,-1
0,20241004  23:33:30,1.8,1.81,1.78,1.81,-1
0,20241004  23:33:40,1.81,1.81,1.78,1.8,-1
0,20241004  23:33:50,1.8,1.81,1.78,1.8,-1
0,20241004  23:34:00,1.8,1.8,1.79,1.8,-1
0,20241004  23:34:10,1.8,1.8,1.76,1.79,-1
0,20241004  23:34:20,1.79,1.79,1.77,1.79,-1
0,20241004  23:34:30,1.79,1.79,1.76,1.76,-1
0,20241004  23:34:40,1.76,1.76,1.75,1.75,-1
0,20241004  23:34:50,1.75,1.75,1.75,1.75,-1
0,20241004  23:35:00,1.75,1.75,1.74,1.74,-1
0,20241004  23:35:10,1.74,1.74,1.74,1.74,-1
0,20241004  23:35:20,1.74,1.74,1.74,1.74,-1
0,20241004  23:35:30,1.74,1.74,1.74,1.74,-1
0,20241004  23:35:40,1.74,1.74,1.7,1.7,-1
0,20241004  23:35:50,1.7,1.7,1.68,1.68,-1
0,20241004  23:36:00,1.68,1.68,1.66,1.67,-1
0,20241004  23:36:10,1.67,1.67,1.66,1.67,-1
0,20241004  23:36:20,1.67,1.7,1.67,1.7,-1
0,20241004  23:36:30,1.7,1.73,1.69,1.73,-1
0,20241004  23:36:40,1.73,1.73,1.72,1.73,-1
0,20241004  23:36:50,1.73,1.73,1.72,1.73,-1
0,20241004  23:37:00,1.73,1.75,1.72,1.75,-1
0,20241004  23:37:10,1.75,1.75,1.74,1.75,-1
0,20241004  23:37:20,1.75,1.79,1.75,1.77,-1
0,20241004  23:37:30,1.77,1.77,1.7,1.74,-1
0,20241004  23:37:40,1.74,1.76,1.73,1.76,-1
0,20241004  23:37:50,1.76,1.76,1.75,1.76,-1
0,20241004  23:38:00,1.76,1.76,1.73,1.73,-1
0,20241004  23:38:10,1.73,1.73,1.73,1.73,-1
0,20241004  23:38:20,1.73,1.73,1.73,1.73,-1
0,20241004  23:38:30,1.73,1.73,1.7,1.7,-1
0,20241004  23:38:40,1.7,1.7,1.7,1.7,-1
0,20241004  23:38:50,1.7,1.72,1.7,1.71,-1
0,20241004  23:39:00,1.71,1.73,1.7,1.7,-1
0,20241004  23:39:10,1.7,1.7,1.68,1.69,-1
0,20241004  23:39:20,1.69,1.7,1.69,1.69,-1
0,20241004  23:39:30,1.69,1.71,1.69,1.71,-1
0,20241004  23:39:40,1.71,1.71,1.7,1.71,-1
0,20241004  23:39:50,1.71,1.71,1.7,1.71,-1
0,20241004  23:40:00,1.71,1.71,1.7,1.71,-1
0,20241004  23:40:10,1.71,1.71,1.69,1.69,-1
0,20241004  23:40:20,1.69,1.7,1.69,1.69,-1
0,20241004  23:40:30,1.69,1.7,1.67,1.68,-1
0,20241004  23:40:40,1.68,1.68,1.67,1.68,-1
0,20241004  23:40:50,1.68,1.68,1.67,1.68,-1
0,20241004  23:41:00,1.68,1.68,1.67,1.68,-1
0,20241004  23:41:10,1.68,1.68,1.66,1.67,-1
0,20241004  23:41:20,1.67,1.67,1.66,1.67,-1
0,20241004  23:41:30,1.67,1.67,1.66,1.67,-1
0,20241004  23:41:40,1.67,1.67,1.66,1.67,-1
0,20241004  23:41:50,1.67,1.67,1.64,1.65,-1
0,20241004  23:42:00,1.65,1.65,1.62,1.63,-1
0,20241004  23:42:10,1.63,1.63,1.62,1.63,-1
0,20241004  23:42:20,1.63,1.64,1.62,1.64,-1
0,20241004  23:42:30,1.64,1.64,1.63,1.64,-1
0,20241004  23:42:40,1.64,1.64,1.62,1.63,-1
0,20241004  23:42:50,1.63,1.64,1.62,1.64,-1
0,20241004  23:43:00,1.64,1.64,1.62,1.64,-1
0,20241004  23:43:10,1.64,1.64,1.63,1.64,-1
0,20241004  23:43:20,1.64,1.64,1.63,1.64,-1
0,20241004  23:43:30,1.64,1.64,1.64,1.64,-1
0,20241004  23:43:40,1.64,1.64,1.64,1.64,-1
0,20241004  23:43:50,1.64,1.64,1.63,1.64,-1
0,20241004  23:44:00,1.64,1.64,1.62,1.63,-1
0,20241004  23:44:10,1.63,1.64,1.62,1.64,-1
0,20241004  23:44:20,1.64,1.64,1.63,1.64,-1
0,20241004  23:44:30,1.64,1.67,1.64,1.67,-1
0,20241004  23:44:40,1.67,1.69,1.66,1.67,-1
0,20241004  23:44:50,1.67,1.67,1.66,1.66,-1
0,20241004  23:45:00,1.66,1.66,1.65,1.66,-1
0,20241004  23:45:10,1.66,1.66,1.64,1.66,-1
0,20241004  23:45:20,1.66,1.66,1.65,1.65,-1
0,20241004  23:45:30,1.65,1.65,1.65,1.65,-1
0,20241004  23:45:40,1.65,1.65,1.62,1.63,-1
0,20241004  23:45:50,1.63,1.63,1.62,1.63,-1
0,20241004  23:46:00,1.63,1.64,1.62,1.63,-1
0,20241004  23:46:10,1.63,1.64,1.62,1.64,-1
0,20241004  23:46:20,1.64,1.64,1.63,1.64,-1
0,20241004  23:46:30,1.64,1.64,1.64,1.64,-1
0,20241004  23:46:40,1.64,1.64,1.63,1.64,-1
0,20241004  23:46:50,1.64,1.64,1.63,1.64,-1
0,20241004  23:47:00,1.64,1.66,1.64,1.66,-1
0,20241004  23:47:10,1.66,1.66,1.65,1.66,-1
0,20241004  23:47:20,1.66,1.66,1.63,1.65,-1
0,20241004  23:47:30,1.65,1.66,1.63,1.63,-1
0,20241004  23:47:40,1.63,1.64,1.63,1.64,-1
0,20241004  23:47:50,1.64,1.65,1.64,1.65,-1
0,20241004  23:48:00,1.65,1.65,1.64,1.65,-1
0,20241004  23:48:10,1.65,1.65,1.64,1.64,-1
0,20241004  23:48:20,1.64,1.65,1.64,1.64,-1
0,20241004  23:48:30,1.64,1.64,1.64,1.64,-1
0,20241004  23:48:40,1.64,1.66,1.64,1.64,-1
0,20241004  23:48:50,1.64,1.65,1.64,1.65,-1
0,20241004  23:49:00,1.65,1.65,1.64,1.64,-1
0,20241004  23:49:10,1.64,1.65,1.64,1.65,-1
0,20241004  23:49:20,1.65,1.65,1.64,1.65,-1
0,20241004  23:49:30,1.65,1.65,1.64,1.65,-1
0,20241004  23:49:40,1.65,1.65,1.63,1.64,-1
0,20241004  23:49:50,1.64,1.65,1.62,1.64,-1
0,20241004  23:50:00,1.64,1.64,1.64,1.64,-1
0,20241004  23:50:10,1.64,1.64,1.64,1.64,-1
0,20241004  23:50:20,1.64,1.64,1.62,1.62,-1
0,20241004  23:50:30,1.62,1.62,1.62,1.62,-1
0,20241004  23:50:40,1.62,1.64,1.62,1.64,-1
0,20241004  23:50:50,1.64,1.64,1.63,1.64,-1
0,20241004  23:51:00,1.64,1.64,1.63,1.64,-1
0,20241004  23:51:10,1.64,1.65,1.63,1.65,-1
0,20241004  23:51:20,1.65,1.65,1.64,1.65,-1
0,20241004  23:51:30,1.65,1.65,1.64,1.65,-1
0,20241004  23:51:40,1.65,1.65,1.63,1.64,-1
0,20241004  23:51:50,1.64,1.64,1.62,1.64,-1
0,20241004  23:52:00,1.64,1.64,1.63,1.64,-1
0,20241004  23:52:10,1.64,1.64,1.63,1.64,-1
0,20241004  23:52:20,1.64,1.64,1.62,1.63,-1
0,20241004  23:52:30,1.63,1.63,1.62,1.63,-1
0,20241004  23:52:40,1.63,1.63,1.62,1.63,-1
0,20241004  23:52:50,1.63,1.63,1.62,1.63,-1
0,20241004  23:53:00,1.63,1.63,1.62,1.63,-1
0,20241004  23:53:10,1.63,1.63,1.62,1.63,-1
0,20241004  23:53:20,1.63,1.63,1.62,1.63,-1
0,20241004  23:53:30,1.63,1.66,1.62,1.65,-1
0,20241004  23:53:40,1.65,1.65,1.64,1.64,-1
0,20241004  23:53:50,1.64,1.64,1.64,1.64,-1
0,20241004  23:54:00,1.64,1.64,1.64,1.64,-1
0,20241004  23:54:10,1.64,1.67,1.64,1.65,-1
0,20241004  23:54:20,1.65,1.65,1.65,1.65,-1
0,20241004  23:54:30,1.65,1.65,1.65,1.65,-1
0,20241004  23:54:40,1.65,1.65,1.64,1.65,-1
0,20241004  23:54:50,1.65,1.65,1.64,1.65,-1
0,20241004  23:55:00,1.65,1.65,1.63,1.64,-1
0,20241004  23:55:10,1.64,1.67,1.63,1.65,-1
0,20241004  23:55:20,1.65,1.67,1.65,1.67,-1
0,20241004  23:55:30,1.67,1.67,1.67,1.67,-1
0,20241004  23:55:40,1.67,1.67,1.65,1.65,-1
0,20241004  23:55:50,1.65,1.65,1.65,1.65,-1
0,20241004  23:56:00,1.65,1.66,1.64,1.66,-1
0,20241004  23:56:10,1.66,1.66,1.65,1.66,-1
0,20241004  23:56:20,1.66,1.66,1.64,1.65,-1
0,20241004  23:56:30,1.65,1.65,1.64,1.65,-1
0,20241004  23:56:40,1.65,1.73,1.64,1.7,-1
0,20241004  23:56:50,1.7,1.73,1.7,1.7,-1
0,20241004  23:57:00,1.7,1.76,1.7,1.73,-1
0,20241004  23:57:10,1.73,1.75,1.7,1.73,-1
0,20241004  23:57:20,1.73,1.76,1.73,1.74,-1
0,20241004  23:57:30,1.74,1.74,1.73,1.73,-1
0,20241004  23:57:40,1.73,1.73,1.73,1.73,-1
0,20241004  23:57:50,1.73,1.73,1.73,1.73,-1
0,20241004  23:58:00,1.73,1.73,1.73,1.73,-1
0,20241004  23:58:10,1.73,1.76,1.72,1.74,-1
0,20241004  23:58:20,1.74,1.74,1.74,1.74,-1
0,20241004  23:58:30,1.74,1.74,1.72,1.73,-1
0,20241004  23:58:40,1.73,1.73,1.7,1.71,-1
0,20241004  23:58:50,1.71,1.71,1.7,1.7,-1
0,20241004  23:59:00,1.7,1.7,1.69,1.7,-1
0,20241004  23:59:10,1.7,1.72,1.7,1.72,-1
0,20241004  23:59:20,1.72,1.73,1.71,1.73,-1
0,20241004  23:59:30,1.73,1.76,1.7,1.76,-1
0,20241004  23:59:40,1.76,1.76,1.75,1.76,-1
0,20241004  23:59:50,1.76,1.76,1.75,1.75,-1
0,20241005  00:00:00,1.75,1.77,1.75,1.76,-1
0,20241005  00:00:10,1.76,1.77,1.75,1.76,-1
0,20241005  00:00:20,1.76,1.79,1.76,1.77,-1
0,20241005  00:00:30,1.77,1.77,1.76,1.76,-1
0,20241005  00:00:40,1.76,1.79,1.75,1.77,-1
0,20241005  00:00:50,1.77,1.77,1.76,1.76,-1
0,20241005  00:01:00,1.76,1.77,1.76,1.76,-1
0,20241005  00:01:10,1.76,1.77,1.73,1.76,-1
0,20241005  00:01:20,1.76,1.8,1.75,1.78,-1
0,20241005  00:01:30,1.78,1.78,1.76,1.77,-1
0,20241005  00:01:40,1.77,1.77,1.76,1.77,-1
0,20241005  00:01:50,1.77,1.77,1.74,1.76,-1
0,20241005  00:02:00,1.76,1.77,1.76,1.77,-1
0,20241005  00:02:10,1.77,1.78,1.76,1.78,-1
0,20241005  00:02:20,1.78,1.78,1.74,1.75,-1
0,20241005  00:02:30,1.75,1.77,1.74,1.75,-1
0,20241005  00:02:40,1.75,1.76,1.73,1.74,-1
0,20241005  00:02:50,1.74,1.74,1.73,1.74,-1
0,20241005  00:03:00,1.74,1.74,1.73,1.74,-1
0,20241005  00:03:10,1.74,1.78,1.74,1.78,-1
0,20241005  00:03:20,1.78,1.78,1.73,1.74,-1
0,20241005  00:03:30,1.74,1.74,1.74,1.74,-1
0,20241005  00:03:40,1.74,1.74,1.74,1.74,-1
0,20241005  00:03:50,1.74,1.77,1.74,1.77,-1
0,20241005  00:04:00,1.77,1.77,1.77,1.77,-1
0,20241005  00:04:10,1.77,1.79,1.76,1.77,-1
0,20241005  00:04:20,1.77,1.77,1.76,1.77,-1
0,20241005  00:04:30,1.77,1.77,1.76,1.77,-1
0,20241005  00:04:40,1.77,1.77,1.76,1.76,-1
0,20241005  00:04:50,1.76,1.76,1.76,1.76,-1
0,20241005  00:05:00,1.76,1.76,1.74,1.74,-1
0,20241005  00:05:10,1.74,1.75,1.73,1.74,-1
0,20241005  00:05:20,1.74,1.75,1.73,1.75,-1
0,20241005  00:05:30,1.75,1.75,1.74,1.75,-1
0,20241005  00:05:40,1.75,1.75,1.71,1.73,-1
0,20241005  00:05:50,1.73,1.74,1.73,1.73,-1
0,20241005  00:06:00,1.73,1.73,1.73,1.73,-1
0,20241005  00:06:10,1.73,1.74,1.72,1.74,-1
0,20241005  00:06:20,1.74,1.74,1.73,1.74,-1
0,20241005  00:06:30,1.74,1.74,1.72,1.73,-1
0,20241005  00:06:40,1.73,1.73,1.7,1.7,-1
0,20241005  00:06:50,1.7,1.7,1.69,1.69,-1
0,20241005  00:07:00,1.69,1.7,1.68,1.69,-1
0,20241005  00:07:10,1.69,1.69,1.68,1.69,-1
0,20241005  00:07:20,1.69,1.69,1.69,1.69,-1
0,20241005  00:07:30,1.69,1.72,1.69,1.72,-1
0,20241005  00:07:40,1.72,1.76,1.72,1.74,-1
0,20241005  00:07:50,1.74,1.75,1.72,1.75,-1
0,20241005  00:08:00,1.75,1.78,1.75,1.77,-1
0,20241005  00:08:10,1.77,1.79,1.76,1.79,-1
0,20241005  00:08:20,1.79,1.79,1.78,1.79,-1
0,20241005  00:08:30,1.79,1.82,1.79,1.81,-1
0,20241005  00:08:40,1.81,1.87,1.81,1.87,-1
0,20241005  00:08:50,1.87,1.88,1.87,1.88,-1
0,20241005  00:09:00,1.88,1.89,1.87,1.89,-1
0,20241005  00:09:10,1.89,1.95,1.88,1.93,-1
0,20241005  00:09:20,1.93,1.93,1.88,1.91,-1
0,20241005  00:09:30,1.91,1.95,1.9,1.94,-1
0,20241005  00:09:40,1.94,1.95,1.91,1.92,-1
0,20241005  00:09:50,1.92,1.94,1.9,1.94,-1
0,20241005  00:10:00,1.94,2.0,1.94,1.99,-1
0,20241005  00:10:10,1.99,1.99,1.97,1.98,-1
0,20241005  00:10:20,1.98,1.98,1.97,1.98,-1
0,20241005  00:10:30,1.98,2.0,1.98,1.99,-1
0,20241005  00:10:40,1.99,1.99,1.98,1.99,-1
0,20241005  00:10:50,1.99,1.99,1.97,1.98,-1
0,20241005  00:11:00,1.98,1.98,1.94,1.94,-1
0,20241005  00:11:10,1.94,1.95,1.94,1.94,-1
0,20241005  00:11:20,1.94,1.96,1.92,1.93,-1
0,20241005  00:11:30,1.93,1.93,1.9,1.9,-1
0,20241005  00:11:40,1.9,1.92,1.89,1.9,-1
0,20241005  00:11:50,1.9,1.9,1.88,1.88,-1
0,20241005  00:12:00,1.88,1.91,1.88,1.91,-1
0,20241005  00:12:10,1.91,1.92,1.88,1.9,-1
0,20241005  00:12:20,1.9,1.9,1.89,1.9,-1
0,20241005  00:12:30,1.9,1.9,1.88,1.9,-1
0,20241005  00:12:40,1.9,1.9,1.88,1.88,-1
0,20241005  00:12:50,1.88,1.91,1.88,1.9,-1
0,20241005  00:13:00,1.9,1.9,1.87,1.88,-1
0,20241005  00:13:10,1.88,1.88,1.86,1.87,-1
0,20241005  00:13:20,1.87,1.88,1.83,1.84,-1
0,20241005  00:13:30,1.84,1.84,1.79,1.81,-1
0,20241005  00:13:40,1.81,1.82,1.79,1.82,-1
0,20241005  00:13:50,1.82,1.84,1.81,1.84,-1
0,20241005  00:14:00,1.84,1.84,1.81,1.82,-1
0,20241005  00:14:10,1.82,1.84,1.81,1.84,-1
0,20241005  00:14:20,1.84,1.84,1.81,1.82,-1
0,20241005  00:14:30,1.82,1.82,1.79,1.8,-1
0,20241005  00:14:40,1.8,1.82,1.79,1.81,-1
0,20241005  00:14:50,1.81,1.81,1.79,1.79,-1
0,20241005  00:15:00,1.79,1.83,1.79,1.82,-1
0,20241005  00:15:10,1.82,1.82,1.79,1.8,-1
0,20241005  00:15:20,1.8,1.81,1.79,1.79,-1
0,20241005  00:15:30,1.79,1.79,1.78,1.78,-1
0,20241005  00:15:40,1.78,1.81,1.78,1.81,-1
0,20241005  00:15:50,1.81,1.81,1.81,1.81,-1
0,20241005  00:16:00,1.81,1.81,1.78,1.78,-1
0,20241005  00:16:10,1.78,1.8,1.78,1.79,-1
0,20241005  00:16:20,1.79,1.79,1.79,1.79,-1
0,20241005  00:16:30,1.79,1.79,1.78,1.78,-1
0,20241005  00:16:40,1.78,1.78,1.75,1.75,-1
0,20241005  00:16:50,1.75,1.75,1.75,1.75,-1
0,20241005  00:17:00,1.75,1.75,1.72,1.72,-1
0,20241005  00:17:10,1.72,1.72,1.72,1.72,-1
0,20241005  00:17:20,1.72,1.72,1.66,1.67,-1
0,20241005  00:17:30,1.67,1.69,1.66,1.69,-1
0,20241005  00:17:40,1.69,1.69,1.69,1.69,-1
0,20241005  00:17:50,1.69,1.69,1.69,1.69,-1
0,20241005  00:18:00,1.69,1.69,1.66,1.69,-1
0,20241005  00:18:10,1.69,1.72,1.69,1.72,-1
0,20241005  00:18:20,1.72,1.72,1.69,1.69,-1
0,20241005  00:18:30,1.69,1.69,1.69,1.69,-1
0,20241005  00:18:40,1.69,1.69,1.69,1.69,-1
0,20241005  00:18:50,1.69,1.69,1.69,1.69,-1
0,20241005  00:19:00,1.69,1.69,1.69,1.69,-1
0,20241005  00:19:10,1.69,1.69,1.69,1.69,-1
0,20241005  00:19:20,1.69,1.69,1.69,1.69,-1
0,20241005  00:19:30,1.69,1.69,1.69,1.69,-1
0,20241005  00:19:40,1.69,1.69,1.69,1.69,-1
0,20241005  00:19:50,1.69,1.69,1.69,1.69,-1
0,20241005  00:20:00,1.69,1.72,1.69,1.72,-1
0,20241005  00:20:10,1.72,1.72,1.72,1.72,-1
0,20241005  00:20:20,1.72,1.72,1.72,1.72,-1
0,20241005  00:20:30,1.72,1.75,1.72,1.75,-1
0,20241005  00:20:40,1.75,1.78,1.75,1.76,-1
0,20241005  00:20:50,1.76,1.78,1.75,1.76,-1
0,20241005  00:21:00,1.76,1.78,1.75,1.78,-1
0,20241005  00:21:10,1.78,1.79,1.77,1.78,-1
0,20241005  00:21:20,1.78,1.78,1.78,1.78,-1
0,20241005  00:21:30,1.78,1.78,1.78,1.78,-1
0,20241005  00:21:40,1.78,1.78,1.78,1.78,-1
0,20241005  00:21:50,1.78,1.79,1.78,1.78,-1
0,20241005  00:22:00,1.78,1.81,1.78,1.81,-1
0,20241005  00:22:10,1.81,1.83,1.79,1.81,-1
0,20241005  00:22:20,1.81,1.81,1.8,1.81,-1
0,20241005  00:22:30,1.81,1.82,1.81,1.82,-1
0,20241005  00:22:40,1.82,1.82,1.81,1.81,-1
0,20241005  00:22:50,1.81,1.87,1.81,1.85,-1
0,20241005  00:23:00,1.85,1.91,1.84,1.88,-1
0,20241005  00:23:10,1.88,1.91,1.87,1.88,-1
0,20241005  00:23:20,1.88,1.89,1.86,1.87,-1
0,20241005  00:23:30,1.87,1.91,1.87,1.88,-1
0,20241005  00:23:40,1.88,1.91,1.88,1.88,-1
0,20241005  00:23:50,1.88,1.88,1.84,1.87,-1
0,20241005  00:24:00,1.87,1.88,1.85,1.85,-1
0,20241005  00:24:10,1.85,1.85,1.84,1.85,-1
0,20241005  00:24:20,1.85,1.85,1.84,1.85,-1
0,20241005  00:24:30,1.85,1.85,1.81,1.85,-1
0,20241005  00:24:40,1.85,1.85,1.84,1.85,-1
0,20241005  00:24:50,1.85,1.85,1.82,1.82,-1
0,20241005  00:25:00,1.82,1.85,1.78,1.79,-1
0,20241005  00:25:10,1.79,1.82,1.79,1.82,-1
0,20241005  00:25:20,1.82,1.84,1.81,1.81,-1
0,20241005  00:25:30,1.81,1.81,1.78,1.79,-1
0,20241005  00:25:40,1.79,1.81,1.78,1.81,-1
0,20241005  00:25:50,1.81,1.81,1.78,1.79,-1
0,20241005  00:26:00,1.79,1.81,1.79,1.81,-1
0,20241005  00:26:10,1.81,1.82,1.81,1.82,-1
0,20241005  00:26:20,1.82,1.82,1.81,1.82,-1
0,20241005  00:26:30,1.82,1.82,1.81,1.82,-1
0,20241005  00:26:40,1.82,1.82,1.81,1.82,-1
0,20241005  00:26:50,1.82,1.82,1.81,1.82,-1
0,20241005  00:27:00,1.82,1.84,1.81,1.83,-1
0,20241005  00:27:10,1.83,1.87,1.83,1.87,-1
0,20241005  00:27:20,1.87,1.91,1.87,1.89,-1
0,20241005  00:27:30,1.89,1.89,1.87,1.88,-1
0,20241005  00:27:40,1.88,1.91,1.87,1.91,-1
0,20241005  00:27:50,1.91,1.91,1.89,1.9,-1
0,20241005  00:28:00,1.9,1.9,1.88,1.89,-1
0,20241005  00:28:10,1.89,1.89,1.85,1.85,-1
0,20241005  00:28:20,1.85,1.88,1.85,1.87,-1
0,20241005  00:28:30,1.87,1.88,1.85,1.85,-1
0,20241005  00:28:40,1.85,1.88,1.83,1.86,-1
0,20241005  00:28:50,1.86,1.88,1.85,1.88,-1
0,20241005  00:29:00,1.88,1.88,1.85,1.86,-1
0,20241005  00:29:10,1.86,1.86,1.84,1.85,-1
0,20241005  00:29:20,1.85,1.85,1.84,1.85,-1
0,20241005  00:29:30,1.85,1.87,1.84,1.86,-1
0,20241005  00:29:40,1.86,1.87,1.84,1.85,-1
0,20241005  00:29:50,1.85,1.86,1.84,1.85,-1
0,20241005  00:30:00,1.85,1.88,1.84,1.85,-1
0,20241005  00:30:10,1.85,1.87,1.84,1.87,-1
0,20241005  00:30:20,1.87,1.87,1.84,1.85,-1
0,20241005  00:30:30,1.85,1.88,1.84,1.87,-1
0,20241005  00:30:40,1.87,1.88,1.87,1.88,-1
0,20241005  00:30:50,1.88,1.9,1.87,1.9,-1
0,20241005  00:31:00,1.9,1.9,1.87,1.89,-1
0,20241005  00:31:10,1.89,1.91,1.89,1.9,-1
0,20241005  00:31:20,1.9,1.9,1.88,1.9,-1
0,20241005  00:31:30,1.9,1.92,1.88,1.88,-1
0,20241005  00:31:40,1.88,1.91,1.88,1.88,-1
0,20241005  00:31:50,1.88,1.92,1.88,1.88,-1
0,20241005  00:32:00,1.88,1.91,1.87,1.91,-1
0,20241005  00:32:10,1.91,1.91,1.88,1.89,-1
0,20241005  00:32:20,1.89,1.89,1.87,1.88,-1
0,20241005  00:32:30,1.88,1.88,1.87,1.88,-1
0,20241005  00:32:40,1.88,1.88,1.86,1.87,-1
0,20241005  00:32:50,1.87,1.88,1.86,1.87,-1
0,20241005  00:33:00,1.87,1.88,1.85,1.88,-1
0,20241005  00:33:10,1.88,1.88,1.87,1.88,-1
0,20241005  00:33:20,1.88,1.88,1.85,1.87,-1
0,20241005  00:33:30,1.87,1.87,1.84,1.85,-1
0,20241005  00:33:40,1.85,1.94,1.84,1.94,-1
0,20241005  00:33:50,1.94,1.97,1.84,1.87,-1
0,20241005  00:34:00,1.87,1.88,1.87,1.88,-1
0,20241005  00:34:10,1.88,1.89,1.87,1.88,-1
0,20241005  00:34:20,1.88,1.88,1.84,1.87,-1
0,20241005  00:34:30,1.87,1.89,1.85,1.85,-1
0,20241005  00:34:40,1.85,1.88,1.85,1.85,-1
0,20241005  00:34:50,1.85,1.85,1.84,1.85,-1
0,20241005  00:35:00,1.85,1.85,1.84,1.85,-1
0,20241005  00:35:10,1.85,1.85,1.83,1.83,-1
0,20241005  00:35:20,1.83,1.83,1.82,1.82,-1
0,20241005  00:35:30,1.82,1.82,1.82,1.82,-1
0,20241005  00:35:40,1.82,1.83,1.82,1.83,-1
0,20241005  00:35:50,1.83,1.86,1.82,1.86,-1
0,20241005  00:36:00,1.86,1.89,1.85,1.89,-1
0,20241005  00:36:10,1.89,1.89,1.88,1.89,-1
0,20241005  00:36:20,1.89,1.89,1.87,1.87,-1
0,20241005  00:36:30,1.87,1.87,1.87,1.87,-1
0,20241005  00:36:40,1.87,1.91,1.87,1.91,-1
0,20241005  00:36:50,1.91,1.91,1.9,1.91,-1
0,20241005  00:37:00,1.91,1.91,1.88,1.9,-1
0,20241005  00:37:10,1.9,1.94,1.9,1.94,-1
0,20241005  00:37:20,1.94,1.94,1.91,1.93,-1
0,20241005  00:37:30,1.93,1.93,1.91,1.93,-1
0,20241005  00:37:40,1.93,1.93,1.92,1.93,-1
0,20241005  00:37:50,1.93,1.95,1.93,1.94,-1
0,20241005  00:38:00,1.94,1.94,1.91,1.92,-1
0,20241005  00:38:10,1.92,1.92,1.91,1.92,-1
0,20241005  00:38:20,1.92,1.92,1.91,1.91,-1
0,20241005  00:38:30,1.91,1.91,1.88,1.88,-1
0,20241005  00:38:40,1.88,1.89,1.88,1.89,-1
0,20241005  00:38:50,1.89,1.91,1.88,1.9,-1
0,20241005  00:39:00,1.9,1.91,1.88,1.91,-1
0,20241005  00:39:10,1.91,1.92,1.91,1.92,-1
0,20241005  00:39:20,1.92,1.94,1.92,1.93,-1
0,20241005  00:39:30,1.93,1.93,1.92,1.93,-1
0,20241005  00:39:40,1.93,1.94,1.92,1.93,-1
0,20241005  00:39:50,1.93,1.95,1.92,1.94,-1
0,20241005  00:40:00,1.94,1.95,1.92,1.92,-1
0,20241005  00:40:10,1.92,1.94,1.88,1.89,-1
0,20241005  00:40:20,1.89,1.89,1.88,1.88,-1
0,20241005  00:40:30,1.88,1.88,1.86,1.88,-1
0,20241005  00:40:40,1.88,1.88,1.85,1.85,-1
0,20241005  00:40:50,1.85,1.85,1.82,1.84,-1
0,20241005  00:41:00,1.84,1.85,1.83,1.85,-1
0,20241005  00:41:10,1.85,1.85,1.82,1.82,-1
0,20241005  00:41:20,1.82,1.85,1.82,1.85,-1
0,20241005  00:41:30,1.85,1.85,1.84,1.85,-1
0,20241005  00:41:40,1.85,1.88,1.85,1.88,-1
0,20241005  00:41:50,1.88,1.88,1.87,1.88,-1
0,20241005  00:42:00,1.88,1.88,1.87,1.88,-1
0,20241005  00:42:10,1.88,1.88,1.87,1.88,-1
0,20241005  00:42:20,1.88,1.88,1.85,1.85,-1
0,20241005  00:42:30,1.85,1.85,1.85,1.85,-1
0,20241005  00:42:40,1.85,1.88,1.85,1.86,-1
0,20241005  00:42:50,1.86,1.88,1.85,1.88,-1
0,20241005  00:43:00,1.88,1.88,1.88,1.88,-1
0,20241005  00:43:10,1.88,1.88,1.85,1.85,-1
0,20241005  00:43:20,1.85,1.85,1.85,1.85,-1
0,20241005  00:43:30,1.85,1.85,1.85,1.85,-1
0,20241005  00:43:40,1.85,1.85,1.84,1.85,-1
0,20241005  00:43:50,1.85,1.85,1.82,1.85,-1
0,20241005  00:44:00,1.85,1.85,1.81,1.82,-1
0,20241005  00:44:10,1.82,1.82,1.81,1.82,-1
0,20241005  00:44:20,1.82,1.82,1.81,1.82,-1
0,20241005  00:44:30,1.82,1.83,1.81,1.82,-1
0,20241005  00:44:40,1.82,1.82,1.82,1.82,-1
0,20241005  00:44:50,1.82,1.82,1.81,1.81,-1
0,20241005  00:45:00,1.81,1.81,1.79,1.8,-1
0,20241005  00:45:10,1.8,1.8,1.79,1.79,-1
0,20241005  00:45:20,1.79,1.82,1.79,1.81,-1
0,20241005  00:45:30,1.81,1.85,1.81,1.85,-1
0,20241005  00:45:40,1.85,1.85,1.83,1.84,-1
0,20241005  00:45:50,1.84,1.84,1.83,1.84,-1
0,20241005  00:46:00,1.84,1.84,1.81,1.82,-1
0,20241005  00:46:10,1.82,1.82,1.81,1.82,-1
0,20241005  00:46:20,1.82,1.84,1.81,1.82,-1
0,20241005  00:46:30,1.82,1.82,1.81,1.82,-1
0,20241005  00:46:40,1.82,1.85,1.82,1.85,-1
0,20241005  00:46:50,1.85,1.85,1.85,1.85,-1
0,20241005  00:47:00,1.85,1.85,1.82,1.83,-1
0,20241005  00:47:10,1.83,1.83,1.82,1.83,-1
0,20241005  00:47:20,1.83,1.88,1.82,1.88,-1
0,20241005  00:47:30,1.88,1.88,1.87,1.88,-1
0,20241005  00:47:40,1.88,1.88,1.87,1.88,-1
0,20241005  00:47:50,1.88,1.88,1.87,1.88,-1
0,20241005  00:48:00,1.88,1.88,1.85,1.86,-1
0,20241005  00:48:10,1.86,1.86,1.84,1.85,-1
0,20241005  00:48:20,1.85,1.85,1.83,1.85,-1
0,20241005  00:48:30,1.85,1.85,1.84,1.85,-1
0,20241005  00:48:40,1.85,1.85,1.85,1.85,-1
0,20241005  00:48:50,1.85,1.85,1.82,1.82,-1
0,20241005  00:49:00,1.82,1.82,1.82,1.82,-1
0,20241005  00:49:10,1.82,1.85,1.82,1.85,-1
0,20241005  00:49:20,1.85,1.85,1.84,1.84,-1
0,20241005  00:49:30,1.84,1.85,1.81,1.82,-1
0,20241005  00:49:40,1.82,1.85,1.82,1.84,-1
0,20241005  00:49:50,1.84,1.84,1.84,1.84,-1
0,20241005  00:50:00,1.84,1.85,1.82,1.85,-1
0,20241005  00:50:10,1.85,1.85,1.82,1.83,-1
0,20241005  00:50:20,1.83,1.83,1.79,1.81,-1
0,20241005  00:50:30,1.81,1.81,1.79,1.79,-1
0,20241005  00:50:40,1.79,1.79,1.79,1.79,-1
0,20241005  00:50:50,1.79,1.82,1.79,1.82,-1
0,20241005  00:51:00,1.82,1.82,1.81,1.82,-1
0,20241005  00:51:10,1.82,1.82,1.81,1.82,-1
0,20241005  00:51:20,1.82,1.82,1.79,1.8,-1
0,20241005  00:51:30,1.8,1.82,1.8,1.82,-1
0,20241005  00:51:40,1.82,1.82,1.81,1.82,-1
0,20241005  00:51:50,1.82,1.82,1.81,1.81,-1
0,20241005  00:52:00,1.81,1.81,1.79,1.79,-1
0,20241005  00:52:10,1.79,1.79,1.78,1.79,-1
0,20241005  00:52:20,1.79,1.79,1.78,1.78,-1
0,20241005  00:52:30,1.78,1.78,1.77,1.78,-1
0,20241005  00:52:40,1.78,1.78,1.77,1.78,-1
0,20241005  00:52:50,1.78,1.78,1.77,1.78,-1
0,20241005  00:53:00,1.78,1.78,1.77,1.78,-1
0,20241005  00:53:10,1.78,1.78,1.77,1.78,-1
0,20241005  00:53:20,1.78,1.78,1.77,1.78,-1
0,20241005  00:53:30,1.78,1.78,1.77,1.78,-1
0,20241005  00:53:40,1.78,1.78,1.78,1.78,-1
0,20241005  00:53:50,1.78,1.82,1.78,1.79,-1
0,20241005  00:54:00,1.79,1.81,1.79,1.81,-1
0,20241005  00:54:10,1.81,1.83,1.81,1.83,-1
0,20241005  00:54:20,1.83,1.83,1.82,1.82,-1
0,20241005  00:54:30,1.82,1.84,1.82,1.84,-1
0,20241005  00:54:40,1.84,1.84,1.81,1.82,-1
0,20241005  00:54:50,1.82,1.82,1.81,1.81,-1
0,20241005  00:55:00,1.81,1.81,1.78,1.79,-1
0,20241005  00:55:10,1.79,1.81,1.78,1.81,-1
0,20241005  00:55:20,1.81,1.81,1.79,1.8,-1
0,20241005  00:55:30,1.8,1.82,1.79,1.81,-1
0,20241005  00:55:40,1.81,1.82,1.81,1.82,-1
0,20241005  00:55:50,1.82,1.82,1.81,1.82,-1
0,20241005  00:56:00,1.82,1.82,1.81,1.82,-1
0,20241005  00:56:10,1.82,1.82,1.81,1.82,-1
0,20241005  00:56:20,1.82,1.82,1.81,1.82,-1
0,20241005  00:56:30,1.82,1.82,1.81,1.82,-1
0,20241005  00:56:40,1.82,1.82,1.81,1.82,-1
0,20241005  00:56:50,1.82,1.82,1.77,1.78,-1
0,20241005  00:57:00,1.78,1.79,1.78,1.79,-1
0,20241005  00:57:10,1.79,1.79,1.78,1.79,-1
0,20241005  00:57:20,1.79,1.79,1.78,1.79,-1
0,20241005  00:57:30,1.79,1.79,1.78,1.79,-1
0,20241005  00:57:40,1.79,1.79,1.78,1.79,-1
0,20241005  00:57:50,1.79,1.79,1.78,1.79,-1
0,20241005  00:58:00,1.79,1.79,1.78,1.79,-1
0,20241005  00:58:10,1.79,1.79,1.78,1.78,-1
0,20241005  00:58:20,1.78,1.79,1.77,1.79,-1
0,20241005  00:58:30,1.79,1.79,1.78,1.79,-1
0,20241005  00:58:40,1.79,1.79,1.78,1.79,-1
0,20241005  00:58:50,1.79,1.79,1.77,1.77,-1
0,20241005  00:59:00,1.77,1.77,1.76,1.77,-1
0,20241005  00:59:10,1.77,1.77,1.76,1.77,-1
0,20241005  00:59:20,1.77,1.77,1.76,1.77,-1
0,20241005  00:59:30,1.77,1.77,1.72,1.73,-1
0,20241005  00:59:40,1.73,1.73,1.72,1.72,-1
0,20241005  00:59:50,1.72,1.72,1.72,1.72,-1
0,20241005  01:00:00,1.72,1.72,1.69,1.69,-1
0,20241005  01:00:10,1.69,1.7,1.69,1.69,-1
0,20241005  01:00:20,1.69,1.7,1.69,1.69,-1
0,20241005  01:00:30,1.69,1.7,1.69,1.69,-1
0,20241005  01:00:40,1.69,1.7,1.69,1.69,-1
0,20241005  01:00:50,1.69,1.7,1.69,1.69,-1
0,20241005  01:01:00,1.69,1.7,1.69,1.7,-1
0,20241005  01:01:10,1.7,1.7,1.69,1.69,-1
0,20241005  01:01:20,1.69,1.7,1.69,1.69,-1
0,20241005  01:01:30,1.69,1.69,1.69,1.69,-1
0,20241005  01:01:40,1.69,1.69,1.69,1.69,-1
0,20241005  01:01:50,1.69,1.71,1.69,1.69,-1
0,20241005  01:02:00,1.69,1.69,1.69,1.69,-1
0,20241005  01:02:10,1.69,1.7,1.69,1.69,-1
0,20241005  01:02:20,1.69,1.69,1.69,1.69,-1
0,20241005  01:02:30,1.69,1.69,1.69,1.69,-1
0,20241005  01:02:40,1.69,1.69,1.69,1.69,-1
0,20241005  01:02:50,1.69,1.69,1.69,1.69,-1
0,20241005  01:03:00,1.69,1.71,1.69,1.69,-1
0,20241005  01:03:10,1.69,1.69,1.69,1.69,-1
0,20241005  01:03:20,1.69,1.69,1.69,1.69,-1
0,20241005  01:03:30,1.69,1.69,1.69,1.69,-1
0,20241005  01:03:40,1.69,1.69,1.69,1.69,-1
0,20241005  01:03:50,1.69,1.69,1.69,1.69,-1
0,20241005  01:04:00,1.69,1.7,1.69,1.7,-1
0,20241005  01:04:10,1.7,1.72,1.69,1.7,-1
0,20241005  01:04:20,1.7,1.7,1.69,1.7,-1
0,20241005  01:04:30,1.7,1.7,1.69,1.69,-1
0,20241005  01:04:40,1.69,1.69,1.69,1.69,-1
0,20241005  01:04:50,1.69,1.72,1.69,1.71,-1
0,20241005  01:05:00,1.71,1.71,1.69,1.69,-1
0,20241005  01:05:10,1.69,1.7,1.69,1.7,-1
0,20241005  01:05:20,1.7,1.7,1.69,1.69,-1
0,20241005  01:05:30,1.69,1.7,1.69,1.69,-1
0,20241005  01:05:40,1.69,1.69,1.69,1.69,-1
0,20241005  01:05:50,1.69,1.69,1.69,1.69,-1
0,20241005  01:06:00,1.69,1.69,1.67,1.69,-1
0,20241005  01:06:10,1.69,1.72,1.69,1.7,-1
0,20241005  01:06:20,1.7,1.7,1.69,1.69,-1
0,20241005  01:06:30,1.69,1.71,1.69,1.69,-1
0,20241005  01:06:40,1.69,1.69,1.69,1.69,-1
0,20241005  01:06:50,1.69,1.69,1.68,1.68,-1
0,20241005  01:07:00,1.68,1.68,1.68,1.68,-1
0,20241005  01:07:10,1.68,1.68,1.68,1.68,-1
0,20241005  01:07:20,1.68,1.68,1.68,1.68,-1
0,20241005  01:07:30,1.68,1.68,1.68,1.68,-1
0,20241005  01:07:40,1.68,1.68,1.67,1.68,-1
0,20241005  01:07:50,1.68,1.68,1.67,1.67,-1
0,20241005  01:08:00,1.67,1.67,1.67,1.67,-1
0,20241005  01:08:10,1.67,1.67,1.65,1.66,-1
0,20241005  01:08:20,1.66,1.66,1.66,1.66,-1
0,20241005  01:08:30,1.66,1.67,1.66,1.67,-1
0,20241005  01:08:40,1.67,1.67,1.66,1.67,-1
0,20241005  01:08:50,1.67,1.68,1.66,1.68,-1
0,20241005  01:09:00,1.68,1.68,1.68,1.68,-1
0,20241005  01:09:10,1.68,1.68,1.68,1.68,-1
0,20241005  01:09:20,1.68,1.68,1.68,1.68,-1
0,20241005  01:09:30,1.68,1.68,1.68,1.68,-1
0,20241005  01:09:40,1.68,1.68,1.68,1.68,-1
0,20241005  01:09:50,1.68,1.68,1.68,1.68,-1
0,20241005  01:10:00,1.68,1.68,1.68,1.68,-1
0,20241005  01:10:10,1.68,1.68,1.68,1.68,-1
0,20241005  01:10:20,1.68,1.68,1.68,1.68,-1
0,20241005  01:10:30,1.68,1.68,1.68,1.68,-1
0,20241005  01:10:40,1.68,1.68,1.68,1.68,-1
0,20241005  01:10:50,1.68,1.68,1.68,1.68,-1
0,20241005  01:11:00,1.68,1.68,1.68,1.68,-1
0,20241005  01:11:10,1.68,1.68,1.68,1.68,-1
0,20241005  01:11:20,1.68,1.68,1.68,1.68,-1
0,20241005  01:11:30,1.68,1.68,1.68,1.68,-1
0,20241005  01:11:40,1.68,1.68,1.68,1.68,-1
0,20241005  01:11:50,1.68,1.68,1.68,1.68,-1
0,20241005  01:12:00,1.68,1.7,1.68,1.69,-1
0,20241005  01:12:10,1.69,1.72,1.69,1.72,-1
0,20241005  01:12:20,1.72,1.72,1.71,1.72,-1
0,20241005  01:12:30,1.72,1.75,1.72,1.75,-1
0,20241005  01:12:40,1.75,1.75,1.72,1.72,-1
0,20241005  01:12:50,1.72,1.73,1.72,1.73,-1
0,20241005  01:13:00,1.73,1.75,1.72,1.74,-1
0,20241005  01:13:10,1.74,1.75,1.72,1.72,-1
0,20241005  01:13:20,1.72,1.75,1.72,1.75,-1
0,20241005  01:13:30,1.75,1.75,1.74,1.75,-1
0,20241005  01:13:40,1.75,1.75,1.75,1.75,-1
0,20241005  01:13:50,1.75,1.78,1.75,1.78,-1
0,20241005  01:14:00,1.78,1.78,1.78,1.78,-1
0,20241005  01:14:10,1.78,1.8,1.78,1.8,-1
0,20241005  01:14:20,1.8,1.8,1.75,1.76,-1
0,20241005  01:14:30,1.76,1.76,1.75,1.75,-1
0,20241005  01:14:40,1.75,1.78,1.75,1.78,-1
0,20241005  01:14:50,1.78,1.81,1.78,1.81,-1
0,20241005  01:15:00,1.81,1.81,1.78,1.8,-1
0,20241005  01:15:10,1.8,1.81,1.78,1.79,-1
0,20241005  01:15:20,1.79,1.82,1.78,1.78,-1
0,20241005  01:15:30,1.78,1.81,1.78,1.81,-1
0,20241005  01:15:40,1.81,1.81,1.8,1.81,-1
0,20241005  01:15:50,1.81,1.81,1.78,1.79,-1
0,20241005  01:16:00,1.79,1.81,1.78,1.78,-1
0,20241005  01:16:10,1.78,1.78,1.78,1.78,-1
0,20241005  01:16:20,1.78,1.81,1.78,1.78,-1
0,20241005  01:16:30,1.78,1.79,1.78,1.78,-1
0,20241005  01:16:40,1.78,1.8,1.78,1.79,-1
0,20241005  01:16:50,1.79,1.79,1.78,1.79,-1
0,20241005  01:17:00,1.79,1.79,1.77,1.77,-1
0,20241005  01:17:10,1.77,1.79,1.77,1.78,-1
0,20241005  01:17:20,1.78,1.78,1.77,1.77,-1
0,20241005  01:17:30,1.77,1.77,1.76,1.77,-1
0,20241005  01:17:40,1.77,1.77,1.74,1.75,-1
0,20241005  01:17:50,1.75,1.75,1.74,1.75,-1
0,20241005  01:18:00,1.75,1.75,1.73,1.74,-1
0,20241005  01:18:10,1.74,1.75,1.74,1.75,-1
0,20241005  01:18:20,1.75,1.75,1.72,1.75,-1
0,20241005  01:18:30,1.75,1.75,1.74,1.75,-1
0,20241005  01:18:40,1.75,1.75,1.75,1.75,-1
0,20241005  01:18:50,1.75,1.75,1.75,1.75,-1
0,20241005  01:19:00,1.75,1.75,1.75,1.75,-1
0,20241005  01:19:10,1.75,1.75,1.75,1.75,-1
0,20241005  01:19:20,1.75,1.77,1.75,1.76,-1
0,20241005  01:19:30,1.76,1.76,1.75,1.75,-1
0,20241005  01:19:40,1.75,1.75,1.75,1.75,-1
0,20241005  01:19:50,1.75,1.78,1.75,1.78,-1
0,20241005  01:20:00,1.78,1.78,1.77,1.78,-1
0,20241005  01:20:10,1.78,1.81,1.78,1.8,-1
0,20241005  01:20:20,1.8,1.81,1.78,1.79,-1
0,20241005  01:20:30,1.79,1.81,1.78,1.81,-1
0,20241005  01:20:40,1.81,1.81,1.78,1.8,-1
0,20241005  01:20:50,1.8,1.81,1.78,1.8,-1
0,20241005  01:21:00,1.8,1.81,1.79,1.81,-1
0,20241005  01:21:10,1.81,1.81,1.78,1.79,-1
0,20241005  01:21:20,1.79,1.79,1.78,1.79,-1
0,20241005  01:21:30,1.79,1.81,1.78,1.78,-1
0,20241005  01:21:40,1.78,1.78,1.78,1.78,-1
0,20241005  01:21:50,1.78,1.8,1.78,1.8,-1
0,20241005  01:22:00,1.8,1.8,1.79,1.8,-1
0,20241005  01:22:10,1.8,1.81,1.79,1.81,-1
0,20241005  01:22:20,1.81,1.84,1.8,1.84,-1
0,20241005  01:22:30,1.84,1.87,1.84,1.87,-1
0,20241005  01:22:40,1.87,1.88,1.87,1.87,-1
0,20241005  01:22:50,1.87,1.87,1.85,1.87,-1
0,20241005  01:23:00,1.87,1.87,1.85,1.87,-1
0,20241005  01:23:10,1.87,1.88,1.87,1.87,-1
0,20241005  01:23:20,1.87,1.89,1.84,1.86,-1
0,20241005  01:23:30,1.86,1.88,1.85,1.88,-1
0,20241005  01:23:40,1.88,1.88,1.87,1.88,-1
0,20241005  01:23:50,1.88,1.88,1.87,1.88,-1
0,20241005  01:24:00,1.88,1.88,1.87,1.88,-1
0,20241005  01:24:10,1.88,1.88,1.87,1.88,-1
0,20241005  01:24:20,1.88,1.88,1.87,1.88,-1
0,20241005  01:24:30,1.88,1.88,1.87,1.87,-1
0,20241005  01:24:40,1.87,1.88,1.87,1.88,-1
0,20241005  01:24:50,1.88,1.88,1.88,1.88,-1
0,20241005  01:25:00,1.88,1.89,1.88,1.89,-1
0,20241005  01:25:10,1.89,1.91,1.89,1.91,-1
0,20241005  01:25:20,1.91,1.91,1.9,1.9,-1
0,20241005  01:25:30,1.9,1.91,1.9,1.91,-1
0,20241005  01:25:40,1.91,1.93,1.9,1.93,-1
0,20241005  01:25:50,1.93,1.93,1.9,1.91,-1
0,20241005  01:26:00,1.91,1.93,1.9,1.93,-1
0,20241005  01:26:10,1.93,1.94,1.93,1.93,-1
0,20241005  01:26:20,1.93,1.94,1.91,1.94,-1
0,20241005  01:26:30,1.94,1.94,1.9,1.92,-1
0,20241005  01:26:40,1.92,1.94,1.91,1.93,-1
0,20241005  01:26:50,1.93,1.94,1.92,1.94,-1
0,20241005  01:27:00,1.94,1.98,1.94,1.95,-1
0,20241005  01:27:10,1.95,1.97,1.95,1.96,-1
0,20241005  01:27:20,1.96,1.98,1.96,1.98,-1
0,20241005  01:27:30,1.98,1.98,1.95,1.96,-1
0,20241005  01:27:40,1.96,1.96,1.95,1.96,-1
0,20241005  01:27:50,1.96,1.96,1.95,1.96,-1
0,20241005  01:28:00,1.96,1.96,1.94,1.94,-1
0,20241005  01:28:10,1.94,1.95,1.92,1.92,-1
0,20241005  01:28:20,1.92,1.92,1.92,1.92,-1
0,20241005  01:28:30,1.92,1.95,1.92,1.95,-1
0,20241005  01:28:40,1.95,1.95,1.92,1.92,-1
0,20241005  01:28:50,1.92,1.92,1.91,1.92,-1
0,20241005  01:29:00,1.92,1.92,1.9,1.91,-1
0,20241005  01:29:10,1.91,1.92,1.89,1.91,-1
0,20241005  01:29:20,1.91,1.92,1.91,1.92,-1
0,20241005  01:29:30,1.92,1.94,1.91,1.94,-1
0,20241005  01:29:40,1.94,1.94,1.92,1.93,-1
0,20241005  01:29:50,1.93,1.93,1.91,1.92,-1
0,20241005  01:30:00,1.92,1.96,1.9,1.95,-1
0,20241005  01:30:10,1.95,1.96,1.95,1.95,-1
0,20241005  01:30:20,1.95,1.96,1.95,1.95,-1
0,20241005  01:30:30,1.95,1.95,1.91,1.94,-1
0,20241005  01:30:40,1.94,1.96,1.94,1.96,-1
0,20241005  01:30:50,1.96,1.96,1.94,1.95,-1
0,20241005  01:31:00,1.95,1.96,1.94,1.96,-1
0,20241005  01:31:10,1.96,1.96,1.95,1.95,-1
0,20241005  01:31:20,1.95,1.95,1.95,1.95,-1
0,20241005  01:31:30,1.95,1.96,1.95,1.96,-1
0,20241005  01:31:40,1.96,1.97,1.95,1.97,-1
0,20241005  01:31:50,1.97,1.97,1.96,1.96,-1
0,20241005  01:32:00,1.96,1.97,1.96,1.97,-1
0,20241005  01:32:10,1.97,1.97,1.96,1.97,-1
0,20241005  01:32:20,1.97,1.97,1.94,1.96,-1
0,20241005  01:32:30,1.96,1.96,1.93,1.95,-1
0,20241005  01:32:40,1.95,1.95,1.94,1.94,-1
0,20241005  01:32:50,1.94,1.95,1.94,1.95,-1
0,20241005  01:33:00,1.95,1.96,1.95,1.96,-1
0,20241005  01:33:10,1.96,1.96,1.96,1.96,-1
0,20241005  01:33:20,1.96,1.96,1.93,1.95,-1
0,20241005  01:33:30,1.95,1.95,1.94,1.95,-1
0,20241005  01:33:40,1.95,1.95,1.94,1.94,-1
0,20241005  01:33:50,1.94,1.95,1.94,1.94,-1
0,20241005  01:34:00,1.94,1.95,1.94,1.95,-1
0,20241005  01:34:10,1.95,1.95,1.94,1.94,-1
0,20241005  01:34:20,1.94,1.94,1.91,1.91,-1
0,20241005  01:34:30,1.91,1.92,1.91,1.91,-1
0,20241005  01:34:40,1.91,1.92,1.91,1.92,-1
0,20241005  01:34:50,1.92,1.92,1.91,1.91,-1
0,20241005  01:35:00,1.91,1.92,1.91,1.91,-1
0,20241005  01:35:10,1.91,1.91,1.91,1.91,-1
0,20241005  01:35:20,1.91,1.92,1.89,1.9,-1
0,20241005  01:35:30,1.9,1.91,1.89,1.91,-1
0,20241005  01:35:40,1.91,1.91,1.89,1.89,-1
0,20241005  01:35:50,1.89,1.91,1.89,1.91,-1
0,20241005  01:36:00,1.91,1.91,1.89,1.9,-1
0,20241005  01:36:10,1.9,1.9,1.88,1.9,-1
0,20241005  01:36:20,1.9,1.91,1.89,1.91,-1
0,20241005  01:36:30,1.91,1.92,1.91,1.92,-1
0,20241005  01:36:40,1.92,1.92,1.91,1.91,-1
0,20241005  01:36:50,1.91,1.91,1.91,1.91,-1
0,20241005  01:37:00,1.91,1.91,1.91,1.91,-1
0,20241005  01:37:10,1.91,1.92,1.91,1.92,-1
0,20241005  01:37:20,1.92,1.92,1.91,1.91,-1
0,20241005  01:37:30,1.91,1.91,1.91,1.91,-1
0,20241005  01:37:40,1.91,1.91,1.89,1.91,-1
0,20241005  01:37:50,1.91,1.91,1.88,1.89,-1
0,20241005  01:38:00,1.89,1.91,1.88,1.89,-1
0,20241005  01:38:10,1.89,1.89,1.88,1.89,-1
0,20241005  01:38:20,1.89,1.89,1.88,1.89,-1
0,20241005  01:38:30,1.89,1.89,1.88,1.88,-1
0,20241005  01:38:40,1.88,1.89,1.88,1.89,-1
0,20241005  01:38:50,1.89,1.89,1.88,1.89,-1
0,20241005  01:39:00,1.89,1.91,1.88,1.91,-1
0,20241005  01:39:10,1.91,1.91,1.88,1.89,-1
0,20241005  01:39:20,1.89,1.9,1.88,1.9,-1
0,20241005  01:39:30,1.9,1.91,1.89,1.9,-1
0,20241005  01:39:40,1.9,1.9,1.88,1.89,-1
0,20241005  01:39:50,1.89,1.89,1.88,1.88,-1
0,20241005  01:40:00,1.88,1.88,1.88,1.88,-1
0,20241005  01:40:10,1.88,1.88,1.82,1.82,-1
0,20241005  01:40:20,1.82,1.82,1.82,1.82,-1
0,20241005  01:40:30,1.82,1.85,1.82,1.85,-1
0,20241005  01:40:40,1.85,1.87,1.85,1.86,-1
0,20241005  01:40:50,1.86,1.87,1.85,1.85,-1
0,20241005  01:41:00,1.85,1.85,1.85,1.85,-1
0,20241005  01:41:10,1.85,1.85,1.85,1.85,-1
0,20241005  01:41:20,1.85,1.85,1.85,1.85,-1
0,20241005  01:41:30,1.85,1.85,1.84,1.85,-1
0,20241005  01:41:40,1.85,1.85,1.82,1.83,-1
0,20241005  01:41:50,1.83,1.83,1.82,1.83,-1
0,20241005  01:42:00,1.83,1.83,1.82,1.82,-1
0,20241005  01:42:10,1.82,1.82,1.79,1.8,-1
0,20241005  01:42:20,1.8,1.81,1.8,1.81,-1
0,20241005  01:42:30,1.81,1.81,1.79,1.8,-1
0,20241005  01:42:40,1.8,1.8,1.79,1.79,-1
0,20241005  01:42:50,1.79,1.79,1.79,1.79,-1
0,20241005  01:43:00,1.79,1.79,1.79,1.79,-1
0,20241005  01:43:10,1.79,1.79,1.79,1.79,-1
0,20241005  01:43:20,1.79,1.81,1.79,1.81,-1
0,20241005  01:43:30,1.81,1.82,1.8,1.82,-1
0,20241005  01:43:40,1.82,1.82,1.81,1.81,-1
0,20241005  01:43:50,1.81,1.82,1.81,1.82,-1
0,20241005  01:44:00,1.82,1.84,1.81,1.83,-1
0,20241005  01:44:10,1.83,1.84,1.82,1.82,-1
0,20241005  01:44:20,1.82,1.82,1.82,1.82,-1
0,20241005  01:44:30,1.82,1.82,1.82,1.82,-1
0,20241005  01:44:40,1.82,1.82,1.82,1.82,-1
0,20241005  01:44:50,1.82,1.82,1.82,1.82,-1
0,20241005  01:45:00,1.82,1.84,1.82,1.84,-1
0,20241005  01:45:10,1.84,1.85,1.83,1.85,-1
0,20241005  01:45:20,1.85,1.85,1.85,1.85,-1
0,20241005  01:45:30,1.85,1.85,1.85,1.85,-1
0,20241005  01:45:40,1.85,1.85,1.85,1.85,-1
0,20241005  01:45:50,1.85,1.85,1.85,1.85,-1
0,20241005  01:46:00,1.85,1.85,1.82,1.82,-1
0,20241005  01:46:10,1.82,1.82,1.82,1.82,-1
0,20241005  01:46:20,1.82,1.84,1.82,1.83,-1
0,20241005  01:46:30,1.83,1.83,1.82,1.82,-1
0,20241005  01:46:40,1.82,1.82,1.82,1.82,-1
0,20241005  01:46:50,1.82,1.82,1.82,1.82,-1
0,20241005  01:47:00,1.82,1.82,1.82,1.82,-1
0,20241005  01:47:10,1.82,1.82,1.81,1.82,-1
0,20241005  01:47:20,1.82,1.82,1.81,1.82,-1
0,20241005  01:47:30,1.82,1.82,1.81,1.82,-1
0,20241005  01:47:40,1.82,1.82,1.81,1.82,-1
0,20241005  01:47:50,1.82,1.82,1.81,1.82,-1
0,20241005  01:48:00,1.82,1.82,1.81,1.82,-1
0,20241005  01:48:10,1.82,1.82,1.81,1.82,-1
0,20241005  01:48:20,1.82,1.82,1.81,1.81,-1
0,20241005  01:48:30,1.81,1.81,1.78,1.79,-1
0,20241005  01:48:40,1.79,1.81,1.78,1.81,-1
0,20241005  01:48:50,1.81,1.81,1.78,1.8,-1
0,20241005  01:49:00,1.8,1.81,1.79,1.81,-1
0,20241005  01:49:10,1.81,1.81,1.81,1.81,-1
0,20241005  01:49:20,1.81,1.81,1.81,1.81,-1
0,20241005  01:49:30,1.81,1.85,1.81,1.82,-1
0,20241005  01:49:40,1.82,1.82,1.81,1.82,-1
0,20241005  01:49:50,1.82,1.82,1.81,1.82,-1
0,20241005  01:50:00,1.82,1.82,1.81,1.81,-1
0,20241005  01:50:10,1.81,1.81,1.81,1.81,-1
0,20241005  01:50:20,1.81,1.81,1.81,1.81,-1
0,20241005  01:50:30,1.81,1.81,1.78,1.79,-1
0,20241005  01:50:40,1.79,1.79,1.78,1.78,-1
0,20241005  01:50:50,1.78,1.81,1.78,1.81,-1
0,20241005  01:51:00,1.81,1.81,1.79,1.81,-1
0,20241005  01:51:10,1.81,1.81,1.8,1.81,-1
0,20241005  01:51:20,1.81,1.81,1.78,1.78,-1
0,20241005  01:51:30,1.78,1.79,1.78,1.78,-1
0,20241005  01:51:40,1.78,1.78,1.74,1.75,-1
0,20241005  01:51:50,1.75,1.77,1.74,1.77,-1
0,20241005  01:52:00,1.77,1.77,1.74,1.75,-1
0,20241005  01:52:10,1.75,1.77,1.74,1.76,-1
0,20241005  01:52:20,1.76,1.77,1.75,1.77,-1
0,20241005  01:52:30,1.77,1.78,1.75,1.78,-1
0,20241005  01:52:40,1.78,1.78,1.77,1.78,-1
0,20241005  01:52:50,1.78,1.78,1.75,1.75,-1
0,20241005  01:53:00,1.75,1.75,1.74,1.75,-1
0,20241005  01:53:10,1.75,1.75,1.74,1.75,-1
0,20241005  01:53:20,1.75,1.75,1.74,1.74,-1
0,20241005  01:53:30,1.74,1.74,1.74,1.74,-1
0,20241005  01:53:40,1.74,1.74,1.74,1.74,-1
0,20241005  01:53:50,1.74,1.74,1.73,1.74,-1
0,20241005  01:54:00,1.74,1.74,1.72,1.72,-1
0,20241005  01:54:10,1.72,1.72,1.72,1.72,-1
0,20241005  01:54:20,1.72,1.72,1.72,1.72,-1
0,20241005  01:54:30,1.72,1.72,1.72,1.72,-1
0,20241005  01:54:40,1.72,1.72,1.72,1.72,-1
0,20241005  01:54:50,1.72,1.75,1.72,1.75,-1
0,20241005  01:55:00,1.75,1.75,1.73,1.75,-1
0,20241005  01:55:10,1.75,1.75,1.72,1.73,-1
0,20241005  01:55:20,1.73,1.75,1.72,1.75,-1
0,20241005  01:55:30,1.75,1.75,1.72,1.74,-1
0,20241005  01:55:40,1.74,1.74,1.72,1.73,-1
0,20241005  01:55:50,1.73,1.73,1.72,1.72,-1
0,20241005  01:56:00,1.72,1.72,1.72,1.72,-1
0,20241005  01:56:10,1.72,1.72,1.72,1.72,-1
0,20241005  01:56:20,1.72,1.72,1.72,1.72,-1
0,20241005  01:56:30,1.72,1.72,1.72,1.72,-1
0,20241005  01:56:40,1.72,1.72,1.72,1.72,-1
0,20241005  01:56:50,1.72,1.72,1.72,1.72,-1
0,20241005  01:57:00,1.72,1.72,1.72,1.72,-1
0,20241005  01:57:10,1.72,1.72,1.72,1.72,-1
0,20241005  01:57:20,1.72,1.72,1.72,1.72,-1
0,20241005  01:57:30,1.72,1.72,1.72,1.72,-1
0,20241005  01:57:40,1.72,1.72,1.72,1.72,-1
0,20241005  01:57:50,1.72,1.72,1.72,1.72,-1
0,20241005  01:58:00,1.72,1.72,1.72,1.72,-1
0,20241005  01:58:10,1.72,1.72,1.72,1.72,-1
0,20241005  01:58:20,1.72,1.72,1.72,1.72,-1
0,20241005  01:58:30,1.72,1.72,1.72,1.72,-1
0,20241005  01:58:40,1.72,1.72,1.72,1.72,-1
0,20241005  01:58:50,1.72,1.72,1.71,1.72,-1
0,20241005  01:59:00,1.72,1.72,1.69,1.71,-1
0,20241005  01:59:10,1.71,1.71,1.69,1.69,-1
0,20241005  01:59:20,1.69,1.69,1.69,1.69,-1
0,20241005  01:59:30,1.69,1.69,1.69,1.69,-1
0,20241005  01:59:40,1.69,1.69,1.69,1.69,-1
0,20241005  01:59:50,1.69,1.69,1.69,1.69,-1
0,20241005  02:00:00,1.69,1.69,1.69,1.69,-1
0,20241005  02:00:10,1.69,1.69,1.69,1.69,-1
0,20241005  02:00:20,1.69,1.69,1.69,1.69,-1
0,20241005  02:00:30,1.69,1.69,1.69,1.69,-1
0,20241005  02:00:40,1.69,1.69,1.69,1.69,-1
0,20241005  02:00:50,1.69,1.69,1.69,1.69,-1
0,20241005  02:01:00,1.69,1.69,1.69,1.69,-1
0,20241005  02:01:10,1.69,1.69,1.69,1.69,-1
0,20241005  02:01:20,1.69,1.69,1.69,1.69,-1
0,20241005  02:01:30,1.69,1.69,1.69,1.69,-1
0,20241005  02:01:40,1.69,1.69,1.69,1.69,-1
0,20241005  02:01:50,1.69,1.69,1.69,1.69,-1
0,20241005  02:02:00,1.69,1.69,1.69,1.69,-1
0,20241005  02:02:10,1.69,1.69,1.66,1.66,-1
0,20241005  02:02:20,1.66,1.68,1.66,1.68,-1
0,20241005  02:02:30,1.68,1.68,1.68,1.68,-1
0,20241005  02:02:40,1.68,1.69,1.68,1.69,-1
0,20241005  02:02:50,1.69,1.69,1.68,1.69,-1
0,20241005  02:03:00,1.69,1.72,1.68,1.72,-1
0,20241005  02:03:10,1.72,1.72,1.72,1.72,-1
0,20241005  02:03:20,1.72,1.72,1.72,1.72,-1
0,20241005  02:03:30,1.72,1.72,1.72,1.72,-1
0,20241005  02:03:40,1.72,1.72,1.72,1.72,-1
0,20241005  02:03:50,1.72,1.72,1.72,1.72,-1
0,20241005  02:04:00,1.72,1.72,1.72,1.72,-1
0,20241005  02:04:10,1.72,1.72,1.72,1.72,-1
0,20241005  02:04:20,1.72,1.72,1.72,1.72,-1
0,20241005  02:04:30,1.72,1.72,1.72,1.72,-1
0,20241005  02:04:40,1.72,1.72,1.72,1.72,-1
0,20241005  02:04:50,1.72,1.72,1.72,1.72,-1
0,20241005  02:05:00,1.72,1.72,1.71,1.72,-1
0,20241005  02:05:10,1.72,1.72,1.71,1.72,-1
0,20241005  02:05:20,1.72,1.72,1.71,1.72,-1
0,20241005  02:05:30,1.72,1.72,1.71,1.72,-1
0,20241005  02:05:40,1.72,1.72,1.71,1.72,-1
0,20241005  02:05:50,1.72,1.72,1.72,1.72,-1
0,20241005  02:06:00,1.72,1.72,1.71,1.72,-1
0,20241005  02:06:10,1.72,1.72,1.71,1.72,-1
0,20241005  02:06:20,1.72,1.72,1.71,1.72,-1
0,20241005  02:06:30,1.72,1.72,1.72,1.72,-1
0,20241005  02:06:40,1.72,1.75,1.71,1.72,-1
0,20241005  02:06:50,1.72,1.72,1.71,1.72,-1
0,20241005  02:07:00,1.72,1.72,1.71,1.72,-1
0,20241005  02:07:10,1.72,1.72,1.72,1.72,-1
0,20241005  02:07:20,1.72,1.72,1.72,1.72,-1
0,20241005  02:07:30,1.72,1.72,1.72,1.72,-1
0,20241005  02:07:40,1.72,1.72,1.72,1.72,-1
0,20241005  02:07:50,1.72,1.72,1.72,1.72,-1
0,20241005  02:08:00,1.72,1.74,1.72,1.74,-1
0,20241005  02:08:10,1.74,1.75,1.74,1.75,-1
0,20241005  02:08:20,1.75,1.75,1.75,1.75,-1
0,20241005  02:08:30,1.75,1.78,1.75,1.78,-1
0,20241005  02:08:40,1.78,1.78,1.77,1.78,-1
0,20241005  02:08:50,1.78,1.78,1.78,1.78,-1
0,20241005  02:09:00,1.78,1.81,1.78,1.81,-1
0,20241005  02:09:10,1.81,1.81,1.78,1.78,-1
0,20241005  02:09:20,1.78,1.79,1.78,1.78,-1
0,20241005  02:09:30,1.78,1.78,1.78,1.78,-1
0,20241005  02:09:40,1.78,1.81,1.78,1.78,-1
0,20241005  02:09:50,1.78,1.81,1.78,1.78,-1
0,20241005  02:10:00,1.78,1.79,1.78,1.78,-1
0,20241005  02:10:10,1.78,1.78,1.77,1.78,-1
0,20241005  02:10:20,1.78,1.78,1.77,1.78,-1
0,20241005  02:10:30,1.78,1.78,1.77,1.78,-1
0,20241005  02:10:40,1.78,1.78,1.77,1.78,-1
0,20241005  02:10:50,1.78,1.78,1.78,1.78,-1
0,20241005  02:11:00,1.78,1.78,1.78,1.78,-1
0,20241005  02:11:10,1.78,1.78,1.76,1.77,-1
0,20241005  02:11:20,1.77,1.77,1.76,1.77,-1
0,20241005  02:11:30,1.77,1.77,1.76,1.77,-1
0,20241005  02:11:40,1.77,1.77,1.74,1.75,-1
0,20241005  02:11:50,1.75,1.75,1.74,1.75,-1
0,20241005  02:12:00,1.75,1.75,1.74,1.75,-1
0,20241005  02:12:10,1.75,1.75,1.74,1.75,-1
0,20241005  02:12:20,1.75,1.75,1.74,1.75,-1
0,20241005  02:12:30,1.75,1.75,1.74,1.75,-1
0,20241005  02:12:40,1.75,1.75,1.74,1.75,-1
0,20241005  02:12:50,1.75,1.75,1.75,1.75,-1
0,20241005  02:13:00,1.75,1.75,1.75,1.75,-1
0,20241005  02:13:10,1.75,1.75,1.74,1.75,-1
0,20241005  02:13:20,1.75,1.75,1.74,1.75,-1
0,20241005  02:13:30,1.75,1.78,1.75,1.77,-1
0,20241005  02:13:40,1.77,1.78,1.75,1.75,-1
0,20241005  02:13:50,1.75,1.78,1.75,1.76,-1
0,20241005  02:14:00,1.76,1.76,1.75,1.75,-1
0,20241005  02:14:10,1.75,1.77,1.75,1.76,-1
0,20241005  02:14:20,1.76,1.76,1.75,1.75,-1
0,20241005  02:14:30,1.75,1.75,1.75,1.75,-1
0,20241005  02:14:40,1.75,1.77,1.75,1.77,-1
0,20241005  02:14:50,1.77,1.77,1.75,1.75,-1
0,20241005  02:15:00,1.75,1.77,1.75,1.75,-1
0,20241005  02:15:10,1.75,1.75,1.74,1.75,-1
0,20241005  02:15:20,1.75,1.75,1.74,1.75,-1
0,20241005  02:15:30,1.75,1.75,1.74,1.75,-1
0,20241005  02:15:40,1.75,1.75,1.74,1.75,-1
0,20241005  02:15:50,1.75,1.75,1.74,1.75,-1
0,20241005  02:16:00,1.75,1.75,1.74,1.75,-1
0,20241005  02:16:10,1.75,1.75,1.74,1.75,-1
0,20241005  02:16:20,1.75,1.75,1.74,1.75,-1
0,20241005  02:16:30,1.75,1.75,1.75,1.75,-1
0,20241005  02:16:40,1.75,1.75,1.75,1.75,-1
0,20241005  02:16:50,1.75,1.75,1.75,1.75,-1
0,20241005  02:17:00,1.75,1.75,1.74,1.75,-1
0,20241005  02:17:10,1.75,1.75,1.74,1.75,-1
0,20241005  02:17:20,1.75,1.75,1.72,1.74,-1
0,20241005  02:17:30,1.74,1.74,1.72,1.72,-1
0,20241005  02:17:40,1.72,1.72,1.72,1.72,-1
0,20241005  02:17:50,1.72,1.72,1.72,1.72,-1
0,20241005  02:18:00,1.72,1.72,1.71,1.72,-1
0,20241005  02:18:10,1.72,1.72,1.71,1.72,-1
0,20241005  02:18:20,1.72,1.72,1.71,1.72,-1
0,20241005  02:18:30,1.72,1.72,1.71,1.72,-1
0,20241005  02:18:40,1.72,1.72,1.72,1.72,-1
0,20241005  02:18:50,1.72,1.72,1.72,1.72,-1
0,20241005  02:19:00,1.72,1.72,1.71,1.72,-1
0,20241005  02:19:10,1.72,1.72,1.71,1.72,-1
0,20241005  02:19:20,1.72,1.72,1.71,1.72,-1
0,20241005  02:19:30,1.72,1.72,1.71,1.72,-1
0,20241005  02:19:40,1.72,1.72,1.71,1.72,-1
0,20241005  02:19:50,1.72,1.72,1.71,1.72,-1
0,20241005  02:20:00,1.72,1.72,1.71,1.72,-1
0,20241005  02:20:10,1.72,1.72,1.71,1.72,-1
0,20241005  02:20:20,1.72,1.72,1.71,1.72,-1
0,20241005  02:20:30,1.72,1.72,1.71,1.72,-1
0,20241005  02:20:40,1.72,1.72,1.71,1.72,-1
0,20241005  02:20:50,1.72,1.72,1.71,1.72,-1
0,20241005  02:21:00,1.72,1.72,1.71,1.72,-1
0,20241005  02:21:10,1.72,1.72,1.71,1.72,-1
0,20241005  02:21:20,1.72,1.72,1.71,1.72,-1
0,20241005  02:21:30,1.72,1.72,1.71,1.72,-1
0,20241005  02:21:40,1.72,1.72,1.71,1.72,-1
0,20241005  02:21:50,1.72,1.72,1.71,1.72,-1
0,20241005  02:22:00,1.72,1.72,1.71,1.72,-1
0,20241005  02:22:10,1.72,1.72,1.71,1.72,-1
0,20241005  02:22:20,1.72,1.72,1.71,1.72,-1
0,20241005  02:22:30,1.72,1.73,1.71,1.72,-1
0,20241005  02:22:40,1.72,1.75,1.72,1.74,-1
0,20241005  02:22:50,1.74,1.75,1.73,1.73,-1
0,20241005  02:23:00,1.73,1.75,1.72,1.75,-1
0,20241005  02:23:10,1.75,1.77,1.74,1.75,-1
0,20241005  02:23:20,1.75,1.75,1.74,1.75,-1
0,20241005  02:23:30,1.75,1.75,1.74,1.75,-1
0,20241005  02:23:40,1.75,1.75,1.74,1.75,-1
0,20241005  02:23:50,1.75,1.75,1.74,1.75,-1
0,20241005  02:24:00,1.75,1.75,1.74,1.75,-1
0,20241005  02:24:10,1.75,1.75,1.74,1.75,-1
0,20241005  02:24:20,1.75,1.75,1.74,1.75,-1
0,20241005  02:24:30,1.75,1.75,1.74,1.75,-1
0,20241005  02:24:40,1.75,1.75,1.75,1.75,-1
0,20241005  02:24:50,1.75,1.77,1.75,1.75,-1
0,20241005  02:25:00,1.75,1.77,1.75,1.77,-1
0,20241005  02:25:10,1.77,1.78,1.77,1.78,-1
0,20241005  02:25:20,1.78,1.78,1.77,1.78,-1
0,20241005  02:25:30,1.78,1.78,1.77,1.78,-1
0,20241005  02:25:40,1.78,1.78,1.77,1.78,-1
0,20241005  02:25:50,1.78,1.78,1.77,1.78,-1
0,20241005  02:26:00,1.78,1.78,1.77,1.78,-1
0,20241005  02:26:10,1.78,1.78,1.77,1.78,-1
0,20241005  02:26:20,1.78,1.8,1.77,1.78,-1
0,20241005  02:26:30,1.78,1.78,1.77,1.77,-1
0,20241005  02:26:40,1.77,1.77,1.75,1.75,-1
0,20241005  02:26:50,1.75,1.75,1.75,1.75,-1
0,20241005  02:27:00,1.75,1.75,1.75,1.75,-1
0,20241005  02:27:10,1.75,1.77,1.75,1.77,-1
0,20241005  02:27:20,1.77,1.77,1.75,1.75,-1
0,20241005  02:27:30,1.75,1.77,1.75,1.77,-1
0,20241005  02:27:40,1.77,1.77,1.75,1.76,-1
0,20241005  02:27:50,1.76,1.76,1.75,1.76,-1
0,20241005  02:28:00,1.76,1.76,1.75,1.76,-1
0,20241005  02:28:10,1.76,1.76,1.75,1.76,-1
0,20241005  02:28:20,1.76,1.77,1.75,1.77,-1
0,20241005  02:28:30,1.77,1.78,1.76,1.78,-1
0,20241005  02:28:40,1.78,1.78,1.77,1.77,-1
0,20241005  02:28:50,1.77,1.77,1.75,1.76,-1
0,20241005  02:29:00,1.76,1.76,1.74,1.75,-1
0,20241005  02:29:10,1.75,1.78,1.75,1.75,-1
0,20241005  02:29:20,1.75,1.75,1.75,1.75,-1
0,20241005  02:29:30,1.75,1.75,1.75,1.75,-1
0,20241005  02:29:40,1.75,1.75,1.75,1.75,-1
0,20241005  02:29:50,1.75,1.75,1.75,1.75,-1
0,20241005  02:30:00,1.75,1.75,1.75,1.75,-1
0,20241005  02:30:10,1.75,1.77,1.75,1.77,-1
0,20241005  02:30:20,1.77,1.78,1.76,1.77,-1
0,20241005  02:30:30,1.77,1.78,1.77,1.78,-1
0,20241005  02:30:40,1.78,1.8,1.77,1.78,-1
0,20241005  02:30:50,1.78,1.78,1.77,1.78,-1
0,20241005  02:31:00,1.78,1.78,1.77,1.78,-1
0,20241005  02:31:10,1.78,1.78,1.77,1.78,-1
0,20241005  02:31:20,1.78,1.78,1.77,1.78,-1
0,20241005  02:31:30,1.78,1.78,1.77,1.78,-1
0,20241005  02:31:40,1.78,1.78,1.77,1.78,-1
0,20241005  02:31:50,1.78,1.78,1.75,1.75,-1
0,20241005  02:32:00,1.75,1.75,1.74,1.75,-1
0,20241005  02:32:10,1.75,1.75,1.72,1.72,-1
0,20241005  02:32:20,1.72,1.72,1.72,1.72,-1
0,20241005  02:32:30,1.72,1.72,1.71,1.72,-1
0,20241005  02:32:40,1.72,1.72,1.71,1.72,-1
0,20241005  02:32:50,1.72,1.72,1.71,1.72,-1
0,20241005  02:33:00,1.72,1.72,1.71,1.72,-1
0,20241005  02:33:10,1.72,1.74,1.71,1.74,-1
0,20241005  02:33:20,1.74,1.74,1.71,1.72,-1
0,20241005  02:33:30,1.72,1.72,1.71,1.71,-1
0,20241005  02:33:40,1.71,1.71,1.69,1.69,-1
0,20241005  02:33:50,1.69,1.71,1.69,1.71,-1
0,20241005  02:34:00,1.71,1.72,1.7,1.72,-1
0,20241005  02:34:10,1.72,1.73,1.71,1.72,-1
0,20241005  02:34:20,1.72,1.72,1.72,1.72,-1
0,20241005  02:34:30,1.72,1.72,1.71,1.72,-1
0,20241005  02:34:40,1.72,1.72,1.71,1.72,-1
0,20241005  02:34:50,1.72,1.72,1.71,1.72,-1
0,20241005  02:35:00,1.72,1.72,1.69,1.69,-1
0,20241005  02:35:10,1.69,1.71,1.69,1.69,-1
0,20241005  02:35:20,1.69,1.7,1.69,1.69,-1
0,20241005  02:35:30,1.69,1.69,1.69,1.69,-1
0,20241005  02:35:40,1.69,1.69,1.69,1.69,-1
0,20241005  02:35:50,1.69,1.69,1.69,1.69,-1
0,20241005  02:36:00,1.69,1.69,1.69,1.69,-1
0,20241005  02:36:10,1.69,1.69,1.69,1.69,-1
0,20241005  02:36:20,1.69,1.69,1.69,1.69,-1
0,20241005  02:36:30,1.69,1.69,1.69,1.69,-1
0,20241005  02:36:40,1.69,1.69,1.69,1.69,-1
0,20241005  02:36:50,1.69,1.69,1.67,1.68,-1
0,20241005  02:37:00,1.68,1.68,1.67,1.68,-1
0,20241005  02:37:10,1.68,1.68,1.63,1.63,-1
0,20241005  02:37:20,1.63,1.63,1.63,1.63,-1
0,20241005  02:37:30,1.63,1.63,1.63,1.63,-1
0,20241005  02:37:40,1.63,1.63,1.63,1.63,-1
0,20241005  02:37:50,1.63,1.63,1.63,1.63,-1
0,20241005  02:38:00,1.63,1.63,1.63,1.63,-1
0,20241005  02:38:10,1.63,1.63,1.63,1.63,-1
0,20241005  02:38:20,1.63,1.63,1.62,1.63,-1
0,20241005  02:38:30,1.63,1.64,1.63,1.64,-1
0,20241005  02:38:40,1.64,1.64,1.63,1.64,-1
0,20241005  02:38:50,1.64,1.64,1.63,1.64,-1
0,20241005  02:39:00,1.64,1.64,1.62,1.62,-1
0,20241005  02:39:10,1.62,1.62,1.61,1.62,-1
0,20241005  02:39:20,1.62,1.62,1.61,1.62,-1
0,20241005  02:39:30,1.62,1.62,1.61,1.62,-1
0,20241005  02:39:40,1.62,1.62,1.6,1.61,-1
0,20241005  02:39:50,1.61,1.62,1.6,1.62,-1
0,20241005  02:40:00,1.62,1.62,1.61,1.62,-1
0,20241005  02:40:10,1.62,1.64,1.61,1.64,-1
0,20241005  02:40:20,1.64,1.64,1.63,1.64,-1
0,20241005  02:40:30,1.64,1.64,1.64,1.64,-1
0,20241005  02:40:40,1.64,1.64,1.62,1.64,-1
0,20241005  02:40:50,1.64,1.64,1.64,1.64,-1
0,20241005  02:41:00,1.64,1.66,1.64,1.65,-1
0,20241005  02:41:10,1.65,1.65,1.64,1.65,-1
0,20241005  02:41:20,1.65,1.65,1.64,1.65,-1
0,20241005  02:41:30,1.65,1.65,1.64,1.65,-1
0,20241005  02:41:40,1.65,1.65,1.64,1.65,-1
0,20241005  02:41:50,1.65,1.65,1.64,1.65,-1
0,20241005  02:42:00,1.65,1.65,1.64,1.65,-1
0,20241005  02:42:10,1.65,1.65,1.64,1.65,-1
0,20241005  02:42:20,1.65,1.67,1.64,1.65,-1
0,20241005  02:42:30,1.65,1.65,1.64,1.65,-1
0,20241005  02:42:40,1.65,1.65,1.63,1.63,-1
0,20241005  02:42:50,1.63,1.63,1.63,1.63,-1
0,20241005  02:43:00,1.63,1.63,1.62,1.62,-1
0,20241005  02:43:10,1.62,1.62,1.62,1.62,-1
0,20241005  02:43:20,1.62,1.62,1.62,1.62,-1
0,20241005  02:43:30,1.62,1.62,1.62,1.62,-1
0,20241005  02:43:40,1.62,1.62,1.62,1.62,-1
0,20241005  02:43:50,1.62,1.62,1.62,1.62,-1
0,20241005  02:44:00,1.62,1.62,1.62,1.62,-1
0,20241005  02:44:10,1.62,1.62,1.62,1.62,-1
0,20241005  02:44:20,1.62,1.62,1.62,1.62,-1
0,20241005  02:44:30,1.62,1.62,1.62,1.62,-1
0,20241005  02:44:40,1.62,1.62,1.62,1.62,-1
0,20241005  02:44:50,1.62,1.62,1.62,1.62,-1
0,20241005  02:45:00,1.62,1.62,1.62,1.62,-1
0,20241005  02:45:10,1.62,1.62,1.62,1.62,-1
0,20241005  02:45:20,1.62,1.62,1.61,1.61,-1
0,20241005  02:45:30,1.61,1.61,1.61,1.61,-1
0,20241005  02:45:40,1.61,1.61,1.6,1.61,-1
0,20241005  02:45:50,1.61,1.61,1.6,1.61,-1
0,20241005  02:46:00,1.61,1.62,1.59,1.61,-1
0,20241005  02:46:10,1.61,1.61,1.61,1.61,-1
0,20241005  02:46:20,1.61,1.61,1.61,1.61,-1
0,20241005  02:46:30,1.61,1.61,1.61,1.61,-1
0,20241005  02:46:40,1.61,1.61,1.61,1.61,-1
0,20241005  02:46:50,1.61,1.61,1.61,1.61,-1
0,20241005  02:47:00,1.61,1.61,1.61,1.61,-1
0,20241005  02:47:10,1.61,1.61,1.61,1.61,-1
0,20241005  02:47:20,1.61,1.61,1.61,1.61,-1
0,20241005  02:47:30,1.61,1.61,1.61,1.61,-1
0,20241005  02:47:40,1.61,1.61,1.61,1.61,-1
0,20241005  02:47:50,1.61,1.61,1.61,1.61,-1
0,20241005  02:48:00,1.61,1.61,1.61,1.61,-1
0,20241005  02:48:10,1.61,1.61,1.61,1.61,-1
0,20241005  02:48:20,1.61,1.61,1.61,1.61,-1
0,20241005  02:48:30,1.61,1.64,1.61,1.63,-1
0,20241005  02:48:40,1.63,1.63,1.61,1.63,-1
0,20241005  02:48:50,1.63,1.64,1.63,1.64,-1
0,20241005  02:49:00,1.64,1.64,1.63,1.64,-1
0,20241005  02:49:10,1.64,1.64,1.63,1.64,-1
0,20241005  02:49:20,1.64,1.64,1.63,1.64,-1
0,20241005  02:49:30,1.64,1.64,1.63,1.64,-1
0,20241005  02:49:40,1.64,1.64,1.63,1.64,-1
0,20241005  02:49:50,1.64,1.64,1.63,1.64,-1
0,20241005  02:50:00,1.64,1.64,1.63,1.64,-1
0,20241005  02:50:10,1.64,1.64,1.63,1.64,-1
0,20241005  02:50:20,1.64,1.64,1.63,1.64,-1
0,20241005  02:50:30,1.64,1.64,1.63,1.64,-1
0,20241005  02:50:40,1.64,1.64,1.63,1.64,-1
0,20241005  02:50:50,1.64,1.64,1.63,1.64,-1
0,20241005  02:51:00,1.64,1.64,1.63,1.64,-1
0,20241005  02:51:10,1.64,1.66,1.63,1.66,-1
0,20241005  02:51:20,1.66,1.67,1.65,1.67,-1
0,20241005  02:51:30,1.67,1.67,1.66,1.67,-1
0,20241005  02:51:40,1.67,1.67,1.66,1.67,-1
0,20241005  02:51:50,1.67,1.67,1.66,1.67,-1
0,20241005  02:52:00,1.67,1.67,1.66,1.67,-1
0,20241005  02:52:10,1.67,1.67,1.66,1.67,-1
0,20241005  02:52:20,1.67,1.67,1.64,1.64,-1
0,20241005  02:52:30,1.64,1.64,1.63,1.64,-1
0,20241005  02:52:40,1.64,1.64,1.63,1.64,-1
0,20241005  02:52:50,1.64,1.64,1.63,1.64,-1
0,20241005  02:53:00,1.64,1.64,1.63,1.64,-1
0,20241005  02:53:10,1.64,1.64,1.63,1.64,-1
0,20241005  02:53:20,1.64,1.64,1.63,1.64,-1
0,20241005  02:53:30,1.64,1.64,1.63,1.64,-1
0,20241005  02:53:40,1.64,1.64,1.63,1.64,-1
0,20241005  02:53:50,1.64,1.64,1.63,1.63,-1
0,20241005  02:54:00,1.63,1.64,1.63,1.64,-1
0,20241005  02:54:10,1.64,1.64,1.63,1.64,-1
0,20241005  02:54:20,1.64,1.64,1.63,1.64,-1
0,20241005  02:54:30,1.64,1.64,1.63,1.64,-1
0,20241005  02:54:40,1.64,1.64,1.63,1.64,-1
0,20241005  02:54:50,1.64,1.64,1.63,1.64,-1
0,20241005  02:55:00,1.64,1.64,1.63,1.63,-1
0,20241005  02:55:10,1.63,1.63,1.62,1.62,-1
0,20241005  02:55:20,1.62,1.63,1.62,1.63,-1
0,20241005  02:55:30,1.63,1.63,1.62,1.62,-1
0,20241005  02:55:40,1.62,1.62,1.62,1.62,-1
0,20241005  02:55:50,1.62,1.62,1.61,1.62,-1
0,20241005  02:56:00,1.62,1.62,1.61,1.62,-1
0,20241005  02:56:10,1.62,1.62,1.61,1.62,-1
0,20241005  02:56:20,1.62,1.62,1.61,1.62,-1
0,20241005  02:56:30,1.62,1.62,1.61,1.62,-1
0,20241005  02:56:40,1.62,1.62,1.61,1.62,-1
0,20241005  02:56:50,1.62,1.62,1.61,1.62,-1
0,20241005  02:57:00,1.62,1.62,1.61,1.62,-1
0,20241005  02:57:10,1.62,1.62,1.61,1.62,-1
0,20241005  02:57:20,1.62,1.62,1.61,1.62,-1
0,20241005  02:57:30,1.62,1.62,1.61,1.62,-1
0,20241005  02:57:40,1.62,1.62,1.61,1.62,-1
0,20241005  02:57:50,1.62,1.62,1.61,1.62,-1
0,20241005  02:58:00,1.62,1.62,1.61,1.62,-1
0,20241005  02:58:10,1.62,1.62,1.61,1.62,-1
0,20241005  02:58:20,1.62,1.62,1.61,1.62,-1
0,20241005  02:58:30,1.62,1.62,1.61,1.62,-1
0,20241005  02:58:40,1.62,1.62,1.61,1.62,-1
0,20241005  02:58:50,1.62,1.62,1.61,1.62,-1
0,20241005  02:59:00,1.62,1.62,1.6,1.61,-1
0,20241005  02:59:10,1.61,1.61,1.6,1.61,-1
0,20241005  02:59:20,1.61,1.61,1.6,1.61,-1
0,20241005  02:59:30,1.61,1.61,1.6,1.61,-1
0,20241005  02:59:40,1.61,1.61,1.6,1.61,-1
0,20241005  02:59:50,1.61,1.61,1.6,1.61,-1
0,20241005  03:00:00,1.61,1.61,1.6,1.61,-1
0,20241005  03:00:10,1.61,1.61,1.6,1.61,-1
0,20241005  03:00:20,1.61,1.61,1.6,1.61,-1
0,20241005  03:00:30,1.61,1.61,1.6,1.61,-1
0,20241005  03:00:40,1.61,1.62,1.6,1.62,-1
0,20241005  03:00:50,1.62,1.62,1.61,1.62,-1
0,20241005  03:01:00,1.62,1.62,1.61,1.62,-1
0,20241005  03:01:10,1.62,1.62,1.61,1.62,-1
0,20241005  03:01:20,1.62,1.62,1.61,1.61,-1
0,20241005  03:01:30,1.61,1.63,1.61,1.63,-1
0,20241005  03:01:40,1.63,1.63,1.61,1.62,-1
0,20241005  03:01:50,1.62,1.63,1.62,1.63,-1
0,20241005  03:02:00,1.63,1.63,1.61,1.61,-1
0,20241005  03:02:10,1.61,1.63,1.61,1.63,-1
0,20241005  03:02:20,1.63,1.63,1.61,1.62,-1
0,20241005  03:02:30,1.62,1.63,1.62,1.63,-1
0,20241005  03:02:40,1.63,1.63,1.63,1.63,-1
0,20241005  03:02:50,1.63,1.63,1.63,1.63,-1
0,20241005  03:03:00,1.63,1.63,1.61,1.61,-1
0,20241005  03:03:10,1.61,1.61,1.61,1.61,-1
0,20241005  03:03:20,1.61,1.61,1.61,1.61,-1
0,20241005  03:03:30,1.61,1.63,1.61,1.63,-1
0,20241005  03:03:40,1.63,1.63,1.62,1.63,-1
0,20241005  03:03:50,1.63,1.63,1.62,1.63,-1
0,20241005  03:04:00,1.63,1.63,1.61,1.61,-1
0,20241005  03:04:10,1.61,1.62,1.61,1.62,-1
0,20241005  03:04:20,1.62,1.62,1.62,1.62,-1
0,20241005  03:04:30,1.62,1.63,1.62,1.63,-1
0,20241005  03:04:40,1.63,1.63,1.63,1.63,-1
0,20241005  03:04:50,1.63,1.63,1.63,1.63,-1
0,20241005  03:05:00,1.63,1.66,1.63,1.66,-1
0,20241005  03:05:10,1.66,1.66,1.63,1.63,-1
0,20241005  03:05:20,1.63,1.63,1.63,1.63,-1
0,20241005  03:05:30,1.63,1.65,1.63,1.65,-1
0,20241005  03:05:40,1.65,1.65,1.63,1.64,-1
0,20241005  03:05:50,1.64,1.64,1.63,1.64,-1
0,20241005  03:06:00,1.64,1.64,1.63,1.63,-1
0,20241005  03:06:10,1.63,1.63,1.63,1.63,-1
0,20241005  03:06:20,1.63,1.63,1.63,1.63,-1
0,20241005  03:06:30,1.63,1.63,1.63,1.63,-1
0,20241005  03:06:40,1.63,1.66,1.63,1.66,-1
0,20241005  03:06:50,1.66,1.66,1.63,1.64,-1
0,20241005  03:07:00,1.64,1.64,1.63,1.63,-1
0,20241005  03:07:10,1.63,1.63,1.63,1.63,-1
0,20241005  03:07:20,1.63,1.63,1.63,1.63,-1
0,20241005  03:07:30,1.63,1.63,1.63,1.63,-1
0,20241005  03:07:40,1.63,1.63,1.63,1.63,-1
0,20241005  03:07:50,1.63,1.63,1.63,1.63,-1
0,20241005  03:08:00,1.63,1.63,1.63,1.63,-1
0,20241005  03:08:10,1.63,1.63,1.63,1.63,-1
0,20241005  03:08:20,1.63,1.64,1.63,1.64,-1
0,20241005  03:08:30,1.64,1.64,1.63,1.64,-1
0,20241005  03:08:40,1.64,1.66,1.63,1.66,-1
0,20241005  03:08:50,1.66,1.66,1.65,1.66,-1
0,20241005  03:09:00,1.66,1.66,1.63,1.64,-1
0,20241005  03:09:10,1.64,1.64,1.63,1.63,-1
0,20241005  03:09:20,1.63,1.63,1.63,1.63,-1
0,20241005  03:09:30,1.63,1.63,1.63,1.63,-1
0,20241005  03:09:40,1.63,1.66,1.63,1.66,-1
0,20241005  03:09:50,1.66,1.66,1.66,1.66,-1
0,20241005  03:10:00,1.66,1.66,1.64,1.65,-1
0,20241005  03:10:10,1.65,1.66,1.64,1.66,-1
0,20241005  03:10:20,1.66,1.67,1.63,1.63,-1
0,20241005  03:10:30,1.63,1.64,1.63,1.64,-1
0,20241005  03:10:40,1.64,1.64,1.63,1.63,-1
0,20241005  03:10:50,1.63,1.63,1.63,1.63,-1
0,20241005  03:11:00,1.63,1.63,1.63,1.63,-1
0,20241005  03:11:10,1.63,1.63,1.63,1.63,-1
0,20241005  03:11:20,1.63,1.63,1.63,1.63,-1
0,20241005  03:11:30,1.63,1.63,1.63,1.63,-1
0,20241005  03:11:40,1.63,1.63,1.63,1.63,-1
0,20241005  03:11:50,1.63,1.63,1.63,1.63,-1
0,20241005  03:12:00,1.63,1.63,1.63,1.63,-1
0,20241005  03:12:10,1.63,1.63,1.63,1.63,-1
0,20241005  03:12:20,1.63,1.64,1.63,1.64,-1
0,20241005  03:12:30,1.64,1.64,1.64,1.64,-1
0,20241005  03:12:40,1.64,1.64,1.64,1.64,-1
0,20241005  03:12:50,1.64,1.64,1.64,1.64,-1
0,20241005  03:13:00,1.64,1.64,1.64,1.64,-1
0,20241005  03:13:10,1.64,1.64,1.64,1.64,-1
0,20241005  03:13:20,1.64,1.64,1.64,1.64,-1
0,20241005  03:13:30,1.64,1.64,1.64,1.64,-1
0,20241005  03:13:40,1.64,1.64,1.64,1.64,-1
0,20241005  03:13:50,1.64,1.64,1.64,1.64,-1
0,20241005  03:14:00,1.64,1.66,1.64,1.64,-1
0,20241005  03:14:10,1.64,1.64,1.64,1.64,-1
0,20241005  03:14:20,1.64,1.64,1.64,1.64,-1
0,20241005  03:14:30,1.64,1.64,1.64,1.64,-1
0,20241005  03:14:40,1.64,1.64,1.64,1.64,-1
0,20241005  03:14:50,1.64,1.64,1.64,1.64,-1
0,20241005  03:15:00,1.64,1.64,1.61,1.63,-1
0,20241005  03:15:10,1.63,1.63,1.62,1.63,-1
0,20241005  03:15:20,1.63,1.63,1.62,1.63,-1
0,20241005  03:15:30,1.63,1.63,1.62,1.63,-1
0,20241005  03:15:40,1.63,1.63,1.62,1.63,-1
0,20241005  03:15:50,1.63,1.63,1.62,1.63,-1
0,20241005  03:16:00,1.63,1.63,1.62,1.63,-1
0,20241005  03:16:10,1.63,1.63,1.62,1.63,-1
0,20241005  03:16:20,1.63,1.63,1.62,1.63,-1
0,20241005  03:16:30,1.63,1.63,1.62,1.63,-1
0,20241005  03:16:40,1.63,1.63,1.61,1.61,-1
0,20241005  03:16:50,1.61,1.61,1.61,1.61,-1
0,20241005  03:17:00,1.61,1.61,1.61,1.61,-1
0,20241005  03:17:10,1.61,1.61,1.61,1.61,-1
0,20241005  03:17:20,1.61,1.61,1.61,1.61,-1
0,20241005  03:17:30,1.61,1.61,1.61,1.61,-1
0,20241005  03:17:40,1.61,1.61,1.61,1.61,-1
0,20241005  03:17:50,1.61,1.63,1.61,1.61,-1
0,20241005  03:18:00,1.61,1.61,1.61,1.61,-1
0,20241005  03:18:10,1.61,1.61,1.61,1.61,-1
0,20241005  03:18:20,1.61,1.61,1.61,1.61,-1
0,20241005  03:18:30,1.61,1.61,1.61,1.61,-1
0,20241005  03:18:40,1.61,1.61,1.61,1.61,-1
0,20241005  03:18:50,1.61,1.61,1.61,1.61,-1
0,20241005  03:19:00,1.61,1.61,1.61,1.61,-1
0,20241005  03:19:10,1.61,1.61,1.61,1.61,-1
0,20241005  03:19:20,1.61,1.61,1.61,1.61,-1
0,20241005  03:19:30,1.61,1.61,1.61,1.61,-1
0,20241005  03:19:40,1.61,1.61,1.61,1.61,-1
0,20241005  03:19:50,1.61,1.61,1.61,1.61,-1
0,20241005  03:20:00,1.61,1.61,1.6,1.61,-1
0,20241005  03:20:10,1.61,1.61,1.6,1.61,-1
0,20241005  03:20:20,1.61,1.61,1.6,1.61,-1
0,20241005  03:20:30,1.61,1.61,1.6,1.61,-1
0,20241005  03:20:40,1.61,1.61,1.6,1.61,-1
0,20241005  03:20:50,1.61,1.61,1.6,1.61,-1
0,20241005  03:21:00,1.61,1.63,1.6,1.63,-1
0,20241005  03:21:10,1.63,1.64,1.62,1.64,-1
0,20241005  03:21:20,1.64,1.64,1.63,1.64,-1
0,20241005  03:21:30,1.64,1.65,1.63,1.65,-1
0,20241005  03:21:40,1.65,1.65,1.64,1.65,-1
0,20241005  03:21:50,1.65,1.65,1.64,1.65,-1
0,20241005  03:22:00,1.65,1.65,1.64,1.65,-1
0,20241005  03:22:10,1.65,1.65,1.64,1.65,-1
0,20241005  03:22:20,1.65,1.65,1.64,1.65,-1
0,20241005  03:22:30,1.65,1.65,1.64,1.65,-1
0,20241005  03:22:40,1.65,1.65,1.64,1.65,-1
0,20241005  03:22:50,1.65,1.65,1.64,1.65,-1
0,20241005  03:23:00,1.65,1.65,1.64,1.65,-1
0,20241005  03:23:10,1.65,1.65,1.65,1.65,-1
0,20241005  03:23:20,1.65,1.65,1.65,1.65,-1
0,20241005  03:23:30,1.65,1.65,1.65,1.65,-1
0,20241005  03:23:40,1.65,1.65,1.65,1.65,-1
0,20241005  03:23:50,1.65,1.65,1.65,1.65,-1
0,20241005  03:24:00,1.65,1.66,1.65,1.66,-1
0,20241005  03:24:10,1.66,1.66,1.65,1.66,-1
0,20241005  03:24:20,1.66,1.66,1.65,1.66,-1
0,20241005  03:24:30,1.66,1.66,1.65,1.66,-1
0,20241005  03:24:40,1.66,1.66,1.65,1.66,-1
0,20241005  03:24:50,1.66,1.66,1.65,1.66,-1
0,20241005  03:25:00,1.66,1.66,1.66,1.66,-1
0,20241005  03:25:10,1.66,1.66,1.66,1.66,-1
0,20241005  03:25:20,1.66,1.66,1.66,1.66,-1
0,20241005  03:25:30,1.66,1.66,1.64,1.65,-1
0,20241005  03:25:40,1.65,1.65,1.64,1.65,-1
0,20241005  03:25:50,1.65,1.65,1.64,1.65,-1
0,20241005  03:26:00,1.65,1.65,1.64,1.65,-1
0,20241005  03:26:10,1.65,1.65,1.64,1.65,-1
0,20241005  03:26:20,1.65,1.65,1.64,1.65,-1
0,20241005  03:26:30,1.65,1.65,1.64,1.65,-1
0,20241005  03:26:40,1.65,1.65,1.64,1.65,-1
0,20241005  03:26:50,1.65,1.65,1.64,1.65,-1
0,20241005  03:27:00,1.65,1.65,1.64,1.65,-1
0,20241005  03:27:10,1.65,1.65,1.64,1.65,-1
0,20241005  03:27:20,1.65,1.65,1.64,1.65,-1
0,20241005  03:27:30,1.65,1.66,1.63,1.64,-1
0,20241005  03:27:40,1.64,1.64,1.63,1.64,-1
0,20241005  03:27:50,1.64,1.64,1.63,1.64,-1
0,20241005  03:28:00,1.64,1.64,1.63,1.64,-1
0,20241005  03:28:10,1.64,1.64,1.63,1.63,-1
0,20241005  03:28:20,1.63,1.63,1.61,1.61,-1
0,20241005  03:28:30,1.61,1.64,1.61,1.64,-1
0,20241005  03:28:40,1.64,1.64,1.63,1.64,-1
0,20241005  03:28:50,1.64,1.66,1.63,1.63,-1
0,20241005  03:29:00,1.63,1.65,1.63,1.64,-1
0,20241005  03:29:10,1.64,1.67,1.64,1.66,-1
0,20241005  03:29:20,1.66,1.66,1.65,1.66,-1
0,20241005  03:29:30,1.66,1.66,1.65,1.66,-1
0,20241005  03:29:40,1.66,1.66,1.66,1.66,-1
0,20241005  03:29:50,1.66,1.66,1.66,1.66,-1
0,20241005  03:30:00,1.66,1.66,1.66,1.66,-1
0,20241005  03:30:10,1.66,1.66,1.66,1.66,-1
0,20241005  03:30:20,1.66,1.66,1.66,1.66,-1
0,20241005  03:30:30,1.66,1.66,1.64,1.66,-1
0,20241005  03:30:40,1.66,1.66,1.66,1.66,-1
0,20241005  03:30:50,1.66,1.66,1.66,1.66,-1
0,20241005  03:31:00,1.66,1.66,1.63,1.63,-1
0,20241005  03:31:10,1.63,1.63,1.63,1.63,-1
0,20241005  03:31:20,1.63,1.63,1.63,1.63,-1
0,20241005  03:31:30,1.63,1.66,1.63,1.66,-1
0,20241005  03:31:40,1.66,1.66,1.65,1.66,-1
0,20241005  03:31:50,1.66,1.66,1.65,1.66,-1
0,20241005  03:32:00,1.66,1.66,1.64,1.66,-1
0,20241005  03:32:10,1.66,1.66,1.63,1.63,-1
0,20241005  03:32:20,1.63,1.63,1.63,1.63,-1
0,20241005  03:32:30,1.63,1.63,1.63,1.63,-1
0,20241005  03:32:40,1.63,1.63,1.63,1.63,-1
0,20241005  03:32:50,1.63,1.63,1.63,1.63,-1
0,20241005  03:33:00,1.63,1.66,1.63,1.66,-1
0,20241005  03:33:10,1.66,1.66,1.65,1.66,-1
0,20241005  03:33:20,1.66,1.66,1.66,1.66,-1
0,20241005  03:33:30,1.66,1.66,1.66,1.66,-1
0,20241005  03:33:40,1.66,1.66,1.66,1.66,-1
0,20241005  03:33:50,1.66,1.67,1.66,1.67,-1
0,20241005  03:34:00,1.67,1.67,1.66,1.66,-1
0,20241005  03:34:10,1.66,1.66,1.66,1.66,-1
0,20241005  03:34:20,1.66,1.66,1.66,1.66,-1
0,20241005  03:34:30,1.66,1.66,1.66,1.66,-1
0,20241005  03:34:40,1.66,1.66,1.66,1.66,-1
0,20241005  03:34:50,1.66,1.66,1.66,1.66,-1
0,20241005  03:35:00,1.66,1.66,1.66,1.66,-1
0,20241005  03:35:10,1.66,1.66,1.66,1.66,-1
0,20241005  03:35:20,1.66,1.66,1.66,1.66,-1
0,20241005  03:35:30,1.66,1.66,1.66,1.66,-1
0,20241005  03:35:40,1.66,1.69,1.66,1.69,-1
0,20241005  03:35:50,1.69,1.69,1.69,1.69,-1
0,20241005  03:36:00,1.69,1.69,1.69,1.69,-1
0,20241005  03:36:10,1.69,1.69,1.69,1.69,-1
0,20241005  03:36:20,1.69,1.72,1.69,1.72,-1
0,20241005  03:36:30,1.72,1.72,1.69,1.69,-1
0,20241005  03:36:40,1.69,1.69,1.69,1.69,-1
0,20241005  03:36:50,1.69,1.71,1.69,1.7,-1
0,20241005  03:37:00,1.7,1.72,1.69,1.72,-1
0,20241005  03:37:10,1.72,1.72,1.72,1.72,-1
0,20241005  03:37:20,1.72,1.76,1.72,1.75,-1
0,20241005  03:37:30,1.75,1.78,1.75,1.78,-1
0,20241005  03:37:40,1.78,1.84,1.77,1.84,-1
0,20241005  03:37:50,1.84,1.85,1.82,1.82,-1
0,20241005  03:38:00,1.82,1.82,1.81,1.81,-1
0,20241005  03:38:10,1.81,1.81,1.78,1.79,-1
0,20241005  03:38:20,1.79,1.81,1.78,1.79,-1
0,20241005  03:38:30,1.79,1.79,1.75,1.76,-1
0,20241005  03:38:40,1.76,1.78,1.75,1.76,-1
0,20241005  03:38:50,1.76,1.78,1.76,1.78,-1
0,20241005  03:39:00,1.78,1.78,1.75,1.76,-1
0,20241005  03:39:10,1.76,1.76,1.75,1.75,-1
0,20241005  03:39:20,1.75,1.75,1.75,1.75,-1
0,20241005  03:39:30,1.75,1.75,1.74,1.75,-1
0,20241005  03:39:40,1.75,1.75,1.72,1.73,-1
0,20241005  03:39:50,1.73,1.75,1.72,1.74,-1
0,20241005  03:40:00,1.74,1.74,1.73,1.74,-1
0,20241005  03:40:10,1.74,1.75,1.73,1.75,-1
0,20241005  03:40:20,1.75,1.75,1.73,1.74,-1
0,20241005  03:40:30,1.74,1.75,1.72,1.75,-1
0,20241005  03:40:40,1.75,1.75,1.74,1.75,-1
0,20241005  03:40:50,1.75,1.75,1.72,1.72,-1
0,20241005  03:41:00,1.72,1.72,1.72,1.72,-1
0,20241005  03:41:10,1.72,1.72,1.72,1.72,-1
0,20241005  03:41:20,1.72,1.72,1.72,1.72,-1
0,20241005  03:41:30,1.72,1.73,1.72,1.72,-1
0,20241005  03:41:40,1.72,1.72,1.72,1.72,-1
0,20241005  03:41:50,1.72,1.72,1.72,1.72,-1
0,20241005  03:42:00,1.72,1.72,1.72,1.72,-1
0,20241005  03:42:10,1.72,1.72,1.72,1.72,-1
0,20241005  03:42:20,1.72,1.72,1.72,1.72,-1
0,20241005  03:42:30,1.72,1.72,1.72,1.72,-1
0,20241005  03:42:40,1.72,1.72,1.72,1.72,-1
0,20241005  03:42:50,1.72,1.72,1.69,1.7,-1
0,20241005  03:43:00,1.7,1.7,1.69,1.69,-1
0,20241005  03:43:10,1.69,1.69,1.69,1.69,-1
0,20241005  03:43:20,1.69,1.69,1.69,1.69,-1
0,20241005  03:43:30,1.69,1.69,1.69,1.69,-1
0,20241005  03:43:40,1.69,1.69,1.69,1.69,-1
0,20241005  03:43:50,1.69,1.69,1.69,1.69,-1
0,20241005  03:44:00,1.69,1.69,1.69,1.69,-1
0,20241005  03:44:10,1.69,1.69,1.69,1.69,-1
0,20241005  03:44:20,1.69,1.69,1.66,1.69,-1
0,20241005  03:44:30,1.69,1.69,1.69,1.69,-1
0,20241005  03:44:40,1.69,1.69,1.69,1.69,-1
0,20241005  03:44:50,1.69,1.69,1.69,1.69,-1
0,20241005  03:45:00,1.69,1.69,1.69,1.69,-1
0,20241005  03:45:10,1.69,1.69,1.69,1.69,-1
0,20241005  03:45:20,1.69,1.69,1.69,1.69,-1
0,20241005  03:45:30,1.69,1.69,1.69,1.69,-1
0,20241005  03:45:40,1.69,1.69,1.69,1.69,-1
0,20241005  03:45:50,1.69,1.69,1.69,1.69,-1
0,20241005  03:46:00,1.69,1.69,1.69,1.69,-1
0,20241005  03:46:10,1.69,1.69,1.69,1.69,-1
0,20241005  03:46:20,1.69,1.69,1.69,1.69,-1
0,20241005  03:46:30,1.69,1.69,1.69,1.69,-1
0,20241005  03:46:40,1.69,1.71,1.69,1.7,-1
0,20241005  03:46:50,1.7,1.72,1.69,1.72,-1
0,20241005  03:47:00,1.72,1.72,1.71,1.72,-1
0,20241005  03:47:10,1.72,1.72,1.69,1.72,-1
0,20241005  03:47:20,1.72,1.72,1.72,1.72,-1
0,20241005  03:47:30,1.72,1.72,1.72,1.72,-1
0,20241005  03:47:40,1.72,1.72,1.72,1.72,-1
0,20241005  03:47:50,1.72,1.72,1.72,1.72,-1
0,20241005  03:48:00,1.72,1.72,1.72,1.72,-1
0,20241005  03:48:10,1.72,1.72,1.72,1.72,-1
0,20241005  03:48:20,1.72,1.72,1.72,1.72,-1
0,20241005  03:48:30,1.72,1.72,1.72,1.72,-1
0,20241005  03:48:40,1.72,1.72,1.72,1.72,-1
0,20241005  03:48:50,1.72,1.72,1.72,1.72,-1
0,20241005  03:49:00,1.72,1.75,1.72,1.75,-1
0,20241005  03:49:10,1.75,1.75,1.74,1.75,-1
0,20241005  03:49:20,1.75,1.75,1.74,1.75,-1
0,20241005  03:49:30,1.75,1.75,1.75,1.75,-1
0,20241005  03:49:40,1.75,1.75,1.75,1.75,-1
0,20241005  03:49:50,1.75,1.75,1.75,1.75,-1
0,20241005  03:50:00,1.75,1.75,1.75,1.75,-1
0,20241005  03:50:10,1.75,1.75,1.75,1.75,-1
0,20241005  03:50:20,1.75,1.75,1.72,1.75,-1
0,20241005  03:50:30,1.75,1.75,1.72,1.75,-1
0,20241005  03:50:40,1.75,1.75,1.74,1.75,-1
0,20241005  03:50:50,1.75,1.75,1.74,1.75,-1
0,20241005  03:51:00,1.75,1.78,1.75,1.75,-1
0,20241005  03:51:10,1.75,1.78,1.75,1.78,-1
0,20241005  03:51:20,1.78,1.78,1.75,1.78,-1
0,20241005  03:51:30,1.78,1.78,1.77,1.78,-1
0,20241005  03:51:40,1.78,1.78,1.78,1.78,-1
0,20241005  03:51:50,1.78,1.78,1.78,1.78,-1
0,20241005  03:52:00,1.78,1.78,1.78,1.78,-1
0,20241005  03:52:10,1.78,1.78,1.78,1.78,-1
0,20241005  03:52:20,1.78,1.81,1.78,1.8,-1
0,20241005  03:52:30,1.8,1.81,1.79,1.81,-1
0,20241005  03:52:40,1.81,1.83,1.81,1.82,-1
0,20241005  03:52:50,1.82,1.82,1.81,1.81,-1
0,20241005  03:53:00,1.81,1.81,1.81,1.81,-1
0,20241005  03:53:10,1.81,1.81,1.78,1.81,-1
0,20241005  03:53:20,1.81,1.81,1.81,1.81,-1
0,20241005  03:53:30,1.81,1.81,1.81,1.81,-1
0,20241005  03:53:40,1.81,1.83,1.81,1.83,-1
0,20241005  03:53:50,1.83,1.83,1.8,1.81,-1
0,20241005  03:54:00,1.81,1.83,1.81,1.83,-1
0,20241005  03:54:10,1.83,1.83,1.81,1.83,-1
0,20241005  03:54:20,1.83,1.83,1.82,1.83,-1
0,20241005  03:54:30,1.83,1.83,1.83,1.83,-1
0,20241005  03:54:40,1.83,1.83,1.83,1.83,-1
0,20241005  03:54:50,1.83,1.83,1.81,1.82,-1
0,20241005  03:55:00,1.82,1.83,1.81,1.82,-1
0,20241005  03:55:10,1.82,1.83,1.81,1.83,-1
0,20241005  03:55:20,1.83,1.83,1.8,1.81,-1
0,20241005  03:55:30,1.81,1.81,1.81,1.81,-1
0,20241005  03:55:40,1.81,1.81,1.81,1.81,-1
0,20241005  03:55:50,1.81,1.81,1.81,1.81,-1
0,20241005  03:56:00,1.81,1.83,1.81,1.83,-1
0,20241005  03:56:10,1.83,1.83,1.8,1.82,-1
0,20241005  03:56:20,1.82,1.82,1.81,1.82,-1
0,20241005  03:56:30,1.82,1.82,1.81,1.81,-1
0,20241005  03:56:40,1.81,1.83,1.81,1.83,-1
0,20241005  03:56:50,1.83,1.83,1.82,1.82,-1
0,20241005  03:57:00,1.82,1.83,1.82,1.83,-1
0,20241005  03:57:10,1.83,1.84,1.82,1.84,-1
0,20241005  03:57:20,1.84,1.84,1.81,1.83,-1
0,20241005  03:57:30,1.83,1.83,1.83,1.83,-1
0,20241005  03:57:40,1.83,1.83,1.83,1.83,-1
0,20241005  03:57:50,1.83,1.83,1.83,1.83,-1
0,20241005  03:58:00,1.83,1.83,1.83,1.83,-1
0,20241005  03:58:10,1.83,1.83,1.83,1.83,-1
0,20241005  03:58:20,1.83,1.83,1.83,1.83,-1
0,20241005  03:58:30,1.83,1.83,1.83,1.83,-1
0,20241005  03:58:40,1.83,1.83,1.83,1.83,-1
0,20241005  03:58:50,1.83,1.84,1.83,1.84,-1
0,20241005  03:59:00,1.84,1.84,1.84,1.84,-1
0,20241005  03:59:10,1.84,1.85,1.84,1.85,-1
0,20241005  03:59:20,1.85,1.86,1.84,1.84,-1
0,20241005  03:59:30,1.84,1.84,1.84,1.84,-1
0,20241005  03:59:40,1.84,1.86,1.84,1.86,-1
0,20241005  03:59:50,1.86,1.86,1.85,1.86,-1
0,20241005  04:00:00,1.86,1.86,1.85,1.86,-1
0,20241005  04:00:10,1.86,1.87,1.85,1.86,-1
0,20241005  04:00:20,1.86,1.86,1.83,1.84,-1
0,20241005  04:00:30,1.84,1.84,1.84,1.84,-1
0,20241005  04:00:40,1.84,1.85,1.84,1.84,-1
0,20241005  04:00:50,1.84,1.86,1.84,1.84,-1
0,20241005  04:01:00,1.84,1.84,1.84,1.84,-1
0,20241005  04:01:10,1.84,1.85,1.84,1.85,-1
0,20241005  04:01:20,1.85,1.85,1.84,1.85,-1
0,20241005  04:01:30,1.85,1.85,1.84,1.85,-1
0,20241005  04:01:40,1.85,1.85,1.84,1.85,-1
0,20241005  04:01:50,1.85,1.85,1.84,1.85,-1
0,20241005  04:02:00,1.85,1.85,1.84,1.85,-1
0,20241005  04:02:10,1.85,1.86,1.84,1.86,-1
0,20241005  04:02:20,1.86,1.86,1.86,1.86,-1
0,20241005  04:02:30,1.86,1.86,1.86,1.86,-1
0,20241005  04:02:40,1.86,1.9,1.86,1.9,-1
0,20241005  04:02:50,1.9,1.9,1.87,1.88,-1
0,20241005  04:03:00,1.88,1.88,1.87,1.87,-1
0,20241005  04:03:10,1.87,1.87,1.87,1.87,-1
0,20241005  04:03:20,1.87,1.87,1.87,1.87,-1
0,20241005  04:03:30,1.87,1.87,1.87,1.87,-1
0,20241005  04:03:40,1.87,1.87,1.87,1.87,-1
0,20241005  04:03:50,1.87,1.89,1.87,1.87,-1
0,20241005  04:04:00,1.87,1.87,1.87,1.87,-1
0,20241005  04:04:10,1.87,1.87,1.87,1.87,-1
0,20241005  04:04:20,1.87,1.88,1.87,1.88,-1
0,20241005  04:04:30,1.88,1.88,1.87,1.87,-1
0,20241005  04:04:40,1.87,1.88,1.87,1.88,-1
0,20241005  04:04:50,1.88,1.88,1.87,1.87,-1
0,20241005  04:05:00,1.87,1.9,1.87,1.9,-1
0,20241005  04:05:10,1.9,1.9,1.9,1.9,-1
0,20241005  04:05:20,1.9,1.9,1.88,1.89,-1
0,20241005  04:05:30,1.89,1.89,1.87,1.87,-1
0,20241005  04:05:40,1.87,1.88,1.87,1.87,-1
0,20241005  04:05:50,1.87,1.87,1.87,1.87,-1
0,20241005  04:06:00,1.87,1.87,1.87,1.87,-1
0,20241005  04:06:10,1.87,1.87,1.87,1.87,-1
0,20241005  04:06:20,1.87,1.87,1.87,1.87,-1
0,20241005  04:06:30,1.87,1.87,1.87,1.87,-1
0,20241005  04:06:40,1.87,1.87,1.87,1.87,-1
0,20241005  04:06:50,1.87,1.87,1.87,1.87,-1
0,20241005  04:07:00,1.87,1.87,1.87,1.87,-1
0,20241005  04:07:10,1.87,1.87,1.84,1.85,-1
0,20241005  04:07:20,1.85,1.85,1.84,1.84,-1
0,20241005  04:07:30,1.84,1.84,1.84,1.84,-1
0,20241005  04:07:40,1.84,1.84,1.84,1.84,-1
0,20241005  04:07:50,1.84,1.85,1.84,1.85,-1
0,20241005  04:08:00,1.85,1.85,1.84,1.84,-1
0,20241005  04:08:10,1.84,1.84,1.84,1.84,-1
0,20241005  04:08:20,1.84,1.84,1.84,1.84,-1
0,20241005  04:08:30,1.84,1.84,1.84,1.84,-1
0,20241005  04:08:40,1.84,1.84,1.84,1.84,-1
0,20241005  04:08:50,1.84,1.84,1.84,1.84,-1
0,20241005  04:09:00,1.84,1.84,1.84,1.84,-1
0,20241005  04:09:10,1.84,1.84,1.84,1.84,-1
0,20241005  04:09:20,1.84,1.84,1.84,1.84,-1
0,20241005  04:09:30,1.84,1.87,1.84,1.87,-1
0,20241005  04:09:40,1.87,1.87,1.87,1.87,-1
0,20241005  04:09:50,1.87,1.87,1.87,1.87,-1
0,20241005  04:10:00,1.87,1.87,1.87,1.87,-1
0,20241005  04:10:10,1.87,1.87,1.87,1.87,-1
0,20241005  04:10:20,1.87,1.87,1.84,1.84,-1
0,20241005  04:10:30,1.84,1.84,1.84,1.84,-1
0,20241005  04:10:40,1.84,1.87,1.84,1.87,-1
0,20241005  04:10:50,1.87,1.87,1.87,1.87,-1
0,20241005  04:11:00,1.87,1.87,1.84,1.84,-1
0,20241005  04:11:10,1.84,1.84,1.84,1.84,-1
0,20241005  04:11:20,1.84,1.84,1.84,1.84,-1
0,20241005  04:11:30,1.84,1.84,1.84,1.84,-1
0,20241005  04:11:40,1.84,1.85,1.84,1.85,-1
0,20241005  04:11:50,1.85,1.85,1.84,1.85,-1
0,20241005  04:12:00,1.85,1.87,1.84,1.84,-1
0,20241005  04:12:10,1.84,1.86,1.84,1.85,-1
0,20241005  04:12:20,1.85,1.87,1.84,1.84,-1
0,20241005  04:12:30,1.84,1.85,1.84,1.85,-1
0,20241005  04:12:40,1.85,1.85,1.84,1.84,-1
0,20241005  04:12:50,1.84,1.84,1.84,1.84,-1
0,20241005  04:13:00,1.84,1.85,1.84,1.85,-1
0,20241005  04:13:10,1.85,1.85,1.84,1.84,-1
0,20241005  04:13:20,1.84,1.87,1.84,1.87,-1
0,20241005  04:13:30,1.87,1.87,1.85,1.85,-1
0,20241005  04:13:40,1.85,1.87,1.84,1.85,-1
0,20241005  04:13:50,1.85,1.85,1.84,1.85,-1
0,20241005  04:14:00,1.85,1.87,1.84,1.86,-1
0,20241005  04:14:10,1.86,1.86,1.85,1.86,-1
0,20241005  04:14:20,1.86,1.87,1.85,1.85,-1
0,20241005  04:14:30,1.85,1.85,1.81,1.84,-1
0,20241005  04:14:40,1.84,1.84,1.83,1.84,-1
0,20241005  04:14:50,1.84,1.84,1.83,1.84,-1
0,20241005  04:15:00,1.84,1.87,1.83,1.87,-1
0,20241005  04:15:10,1.87,1.87,1.86,1.87,-1
0,20241005  04:15:20,1.87,1.87,1.86,1.87,-1
0,20241005  04:15:30,1.87,1.87,1.87,1.87,-1
0,20241005  04:15:40,1.87,1.87,1.87,1.87,-1
0,20241005  04:15:50,1.87,1.87,1.84,1.86,-1
0,20241005  04:16:00,1.86,1.87,1.84,1.87,-1
0,20241005  04:16:10,1.87,1.87,1.84,1.84,-1
0,20241005  04:16:20,1.84,1.85,1.84,1.84,-1
0,20241005  04:16:30,1.84,1.84,1.82,1.83,-1
0,20241005  04:16:40,1.83,1.83,1.82,1.83,-1
0,20241005  04:16:50,1.83,1.83,1.82,1.83,-1
0,20241005  04:17:00,1.83,1.83,1.82,1.83,-1
0,20241005  04:17:10,1.83,1.83,1.82,1.83,-1
0,20241005  04:17:20,1.83,1.83,1.82,1.83,-1
0,20241005  04:17:30,1.83,1.83,1.81,1.81,-1
0,20241005  04:17:40,1.81,1.82,1.81,1.81,-1
0,20241005  04:17:50,1.81,1.81,1.81,1.81,-1
0,20241005  04:18:00,1.81,1.81,1.8,1.81,-1
0,20241005  04:18:10,1.81,1.81,1.8,1.81,-1
0,20241005  04:18:20,1.81,1.81,1.8,1.81,-1
0,20241005  04:18:30,1.81,1.81,1.8,1.81,-1
0,20241005  04:18:40,1.81,1.81,1.8,1.81,-1
0,20241005  04:18:50,1.81,1.81,1.8,1.81,-1
0,20241005  04:19:00,1.81,1.81,1.8,1.81,-1
0,20241005  04:19:10,1.81,1.81,1.8,1.81,-1
0,20241005  04:19:20,1.81,1.81,1.8,1.81,-1
0,20241005  04:19:30,1.81,1.81,1.8,1.81,-1
0,20241005  04:19:40,1.81,1.81,1.8,1.81,-1
0,20241005  04:19:50,1.81,1.81,1.8,1.8,-1
0,20241005  04:20:00,1.8,1.8,1.8,1.8,-1
0,20241005  04:20:10,1.8,1.8,1.77,1.78,-1
0,20241005  04:20:20,1.78,1.78,1.77,1.78,-1
0,20241005  04:20:30,1.78,1.78,1.77,1.78,-1
0,20241005  04:20:40,1.78,1.78,1.76,1.77,-1
0,20241005  04:20:50,1.77,1.77,1.76,1.77,-1
0,20241005  04:21:00,1.77,1.77,1.76,1.77,-1
0,20241005  04:21:10,1.77,1.77,1.76,1.77,-1
0,20241005  04:21:20,1.77,1.77,1.76,1.77,-1
0,20241005  04:21:30,1.77,1.77,1.76,1.77,-1
0,20241005  04:21:40,1.77,1.77,1.76,1.77,-1
0,20241005  04:21:50,1.77,1.77,1.76,1.77,-1
0,20241005  04:22:00,1.77,1.77,1.76,1.77,-1
0,20241005  04:22:10,1.77,1.77,1.76,1.77,-1
0,20241005  04:22:20,1.77,1.77,1.76,1.77,-1
0,20241005  04:22:30,1.77,1.77,1.76,1.77,-1
0,20241005  04:22:40,1.77,1.77,1.76,1.77,-1
0,20241005  04:22:50,1.77,1.77,1.76,1.77,-1
0,20241005  04:23:00,1.77,1.77,1.76,1.77,-1
0,20241005  04:23:10,1.77,1.77,1.76,1.77,-1
0,20241005  04:23:20,1.77,1.77,1.76,1.77,-1
0,20241005  04:23:30,1.77,1.77,1.76,1.77,-1
0,20241005  04:23:40,1.77,1.78,1.76,1.77,-1
0,20241005  04:23:50,1.77,1.77,1.76,1.77,-1
0,20241005  04:24:00,1.77,1.77,1.76,1.77,-1
0,20241005  04:24:10,1.77,1.77,1.76,1.77,-1
0,20241005  04:24:20,1.77,1.77,1.76,1.76,-1
0,20241005  04:24:30,1.76,1.76,1.76,1.76,-1
0,20241005  04:24:40,1.76,1.76,1.74,1.74,-1
0,20241005  04:24:50,1.74,1.74,1.74,1.74,-1
0,20241005  04:25:00,1.74,1.74,1.72,1.72,-1
0,20241005  04:25:10,1.72,1.74,1.72,1.74,-1
0,20241005  04:25:20,1.74,1.74,1.72,1.72,-1
0,20241005  04:25:30,1.72,1.72,1.72,1.72,-1
0,20241005  04:25:40,1.72,1.72,1.72,1.72,-1
0,20241005  04:25:50,1.72,1.72,1.72,1.72,-1
0,20241005  04:26:00,1.72,1.72,1.69,1.69,-1
0,20241005  04:26:10,1.69,1.69,1.68,1.69,-1
0,20241005  04:26:20,1.69,1.69,1.68,1.69,-1
0,20241005  04:26:30,1.69,1.69,1.68,1.69,-1
0,20241005  04:26:40,1.69,1.69,1.68,1.69,-1
0,20241005  04:26:50,1.69,1.69,1.68,1.69,-1
0,20241005  04:27:00,1.69,1.69,1.68,1.69,-1
0,20241005  04:27:10,1.69,1.71,1.68,1.71,-1
0,20241005  04:27:20,1.71,1.72,1.71,1.72,-1
0,20241005  04:27:30,1.72,1.72,1.71,1.72,-1
0,20241005  04:27:40,1.72,1.72,1.69,1.69,-1
